Age,Gender,Relationship Status,Occupation Status,Affiliations,social media use,social media platforms,average time spend on social media every day,social media use without a specific purpose, Social media distraction,restlessness if social media is not used,distraction, bothered by worries,concentration,Comparison with successful people,"16. Following the previous question, how do you feel about these comparisons, generally speaking?",seek validation from features of social media, depressed, interest in daily activities ,sleep issues,ScreenTimeHours,AgeGroup,Gender,Relationship Status
21,Male,relationship,University Student,University,Yes,"Facebook, Twitter, Instagram, YouTube, Discord, Reddit",Between 2 and 3 hours,5,3,2,5,2,5,2,3,2,5,4,5,2.5,20-29,0,1
21,Female,Single,University Student,University,Yes,"Facebook, Twitter, Instagram, YouTube, Discord, Reddit",More than 5 hours,4,3,2,4,5,4,5,1,1,5,4,5,6,20-29,1,0
21,Female,Single,University Student,University,Yes,"Facebook, Instagram, YouTube, Pinterest",Between 3 and 4 hours,3,2,1,2,5,4,3,3,1,4,2,5,3.5,20-29,1,0
21,Female,Single,University Student,University,Yes,"Facebook, Instagram",More than 5 hours,4,2,1,3,5,3,5,1,2,4,3,2,6,20-29,1,0
21,Female,Single,University Student,University,Yes,"Facebook, Instagram, YouTube",Between 2 and 3 hours,3,5,4,4,5,5,3,3,3,4,4,1,2.5,20-29,1,0
22,Female,Single,University Student,University,Yes,"Facebook, Twitter, Instagram, YouTube, Discord, Pinterest, TikTok",Between 2 and 3 hours,4,4,2,3,4,3,4,4,3,3,2,4,2.5,20-29,1,0
21,Female,Married,University Student,University,Yes,"Facebook, Instagram, YouTube, Snapchat, TikTok",Between 3 and 4 hours,4,3,2,2,4,3,5,3,4,5,5,3,3.5,20-29,1,2
21,Female,relationship,University Student,University,Yes,"Facebook, Instagram, YouTube",More than 5 hours,5,2,3,3,3,1,1,3,1,5,5,1,6,20-29,1,1
21,Female,relationship,University Student,University,Yes,"Facebook, Instagram, YouTube",More than 5 hours,5,2,3,3,1,1,1,3,1,5,5,1,6,20-29,1,1
20,Male,Single,University Student,University,No,"Reddit, Pinterest",Less than an Hour,1,1,1,1,1,1,1,1,1,1,1,1,0.5,20-29,0,0
24,Male,Single,University Student,University,Yes,"Facebook, Instagram, YouTube, Discord",Between 2 and 3 hours,5,5,2,4,3,5,4,2,3,5,4,5,2.5,20-29,0,0
21,Female,Single,University Student,University,Yes,"Facebook, Instagram, YouTube, Snapchat, Discord, Reddit, Pinterest, TikTok",Between 3 and 4 hours,4,4,2,5,3,4,2,2,3,3,4,2,3.5,20-29,1,0
22,Female,Single,University Student,University,Yes,"Facebook, Twitter, Instagram, YouTube, Snapchat, Discord, Reddit, Pinterest",Between 3 and 4 hours,3,4,2,4,4,2,4,2,1,3,1,5,3.5,20-29,1,0
21,Female,Single,University Student,University,Yes,"Facebook, Twitter, Instagram, YouTube, Snapchat, Reddit, Pinterest",Between 3 and 4 hours,5,3,2,1,4,4,2,3,2,3,3,3,3.5,20-29,1,0
22,Male,Single,University Student,University,Yes,"Facebook, YouTube, Pinterest",More than 5 hours,5,5,5,5,5,5,5,5,5,5,5,5,6,20-29,0,0
23,Male,relationship,University Student,Private,Yes,"Facebook, Instagram, YouTube, Reddit",Between 1 and 2 hours,3,4,2,3,4,4,3,2,2,3,4,2,1.5,20-29,0,1
21,Male,Single,University Student,University,Yes,"Facebook, YouTube, Discord",Less than an Hour,2,2,1,2,4,2,1,3,1,4,1,3,0.5,20-29,0,0
25,Male,Single,School Student,null,Yes,"Facebook, Instagram, YouTube, Reddit",Between 4 and 5 hours,5,5,4,4,3,3,1,4,2,2,2,2,4.5,20-29,0,0
28,Male,Single,University Student,University,Yes,"Facebook, YouTube, Discord, Reddit",Between 1 and 2 hours,3,4,2,4,5,5,2,3,1,3,3,1,1.5,20-29,0,0
34,Male,Divorced,Salaried Worker,Private,Yes,"Facebook, Twitter, Instagram, YouTube",Between 1 and 2 hours,2,4,3,3,4,1,1,5,3,2,2,2,1.5,30-39,0,3
22,Male,relationship,University Student,"School, University",Yes,"Facebook, Instagram, YouTube, Discord, Reddit",Between 2 and 3 hours,4,2,2,3,3,2,2,2,1,2,3,2,2.5,20-29,0,1
23,Male,Single,University Student,University,Yes,"Facebook, Twitter, Instagram, YouTube, Discord, Reddit, TikTok",More than 5 hours,3,2,4,2,4,2,5,2,1,3,3,1,6,20-29,0,0
26,Female,Single,University Student,University,Yes,"Facebook, Instagram, YouTube, Pinterest",Between 3 and 4 hours,3,4,3,3,4,4,4,3,3,4,4,4,3.5,20-29,1,0
23,Female,Married,University Student,University,Yes,"Facebook, Instagram, YouTube, Snapchat, Pinterest",Between 1 and 2 hours,3,2,2,4,4,3,3,2,3,4,4,1,1.5,20-29,1,2
23,Male,Single,University Student,null,Yes,"Facebook, Twitter, YouTube, Discord",Between 3 and 4 hours,3,3,5,5,5,5,4,1,3,3,5,5,3.5,20-29,0,0
35,Female,Married,Salaried Worker,"School, University",Yes,"Facebook, YouTube",Between 3 and 4 hours,4,4,3,3,3,3,4,4,4,4,2,2,3.5,30-39,1,2
20,Male,Single,University Student,University,Yes,"Facebook, Instagram, YouTube, Discord",Between 3 and 4 hours,4,4,3,3,3,4,2,3,3,4,3,4,3.5,20-29,0,0
35,Male,Married,Salaried Worker,Company,Yes,"Facebook, Twitter, Instagram, YouTube",Between 2 and 3 hours,2,4,4,4,4,4,4,4,4,4,4,5,2.5,30-39,0,2
22,Female,relationship,University Student,University,Yes,"Facebook, Instagram, YouTube, Snapchat, Discord, Pinterest, TikTok",Between 4 and 5 hours,3,4,3,4,5,4,4,3,2,4,4,1,4.5,20-29,1,1
21,Female,Single,University Student,University,Yes,"Facebook, Instagram, YouTube, Snapchat, Discord",Between 3 and 4 hours,4,4,5,5,5,4,4,4,3,5,4,1,3.5,20-29,1,0
22,Female,relationship,University Student,University,Yes,"Facebook, Instagram, YouTube, Discord",Between 3 and 4 hours,4,4,3,3,5,4,5,2,3,5,4,3,3.5,20-29,1,1
35,Male,Married,Salaried Worker,Private,Yes,"Facebook, YouTube, Pinterest",Between 2 and 3 hours,3,4,3,3,3,2,2,2,2,3,4,2,2.5,30-39,0,2
24,Male,Single,Salaried Worker,Private,Yes,"Facebook, Instagram, YouTube, TikTok",Between 2 and 3 hours,3,3,3,3,3,4,2,3,3,2,3,3,2.5,20-29,0,0
18,Female,Single,School Student,"School, Private",Yes,"Facebook, Instagram, YouTube, Discord, Pinterest",Between 2 and 3 hours,4,3,3,3,4,3,3,2,4,3,3,2,2.5,Oct-19,1,0
19,Female,Single,University Student,University,Yes,"Facebook, Instagram, YouTube, Discord",Between 3 and 4 hours,5,5,5,5,5,5,2,3,1,5,4,4,3.5,Oct-19,1,0
21,Nonbinary ,Single,University Student,University,Yes,"Facebook, Twitter, Instagram, YouTube, Discord",More than 5 hours,3,4,5,4,4,5,1,3,1,4,2,1,6,20-29,Nonbinary ,0
21,Male,Single,University Student,University,Yes,"Facebook, Instagram",Between 3 and 4 hours,5,3,4,3,2,3,5,3,4,3,3,1,3.5,20-29,0,0
23,Male,Single,University Student,University,Yes,"Facebook, Twitter, Instagram, YouTube, Snapchat, Discord, Reddit",Less than an Hour,2,3,1,1,1,3,1,3,1,5,4,5,0.5,20-29,0,0
22,Female,Single,University Student,University,Yes,"Facebook, Instagram, YouTube, Snapchat, Pinterest",Between 3 and 4 hours,4,5,5,4,4,4,2,3,3,2,2,5,3.5,20-29,1,0
22,Male,Single,University Student,"University, Company",Yes,"Facebook, YouTube, Discord",Between 2 and 3 hours,4,4,2,4,3,5,1,3,1,1,3,4,2.5,20-29,0,0
21,Female,Single,University Student,University,Yes,"Facebook, Instagram, YouTube, Snapchat",Between 1 and 2 hours,1,1,1,1,1,1,2,1,2,3,3,1,1.5,20-29,1,0
21,Female,Single,University Student,University,Yes,"Facebook, Instagram, YouTube, Snapchat",Between 3 and 4 hours,3,5,2,3,3,3,3,4,2,4,2,2,3.5,20-29,1,0
56,Female,Married,Retired,null,Yes,YouTube,Between 1 and 2 hours,1,1,1,1,3,1,1,3,1,2,3,1,1.5,50-59,1,2
19,Female,Single,School Student,"School, University",Yes,"Facebook, Instagram, YouTube, Snapchat, Pinterest",More than 5 hours,3,2,4,4,5,4,5,2,1,5,4,2,6,Oct-19,1,0
24,Male,Single,Salaried Worker,Private,Yes,"Twitter, Discord, Reddit",More than 5 hours,5,1,1,3,3,3,1,3,3,3,3,3,6,20-29,0,0
22,Female,relationship,University Student,University,Yes,"Facebook, Instagram, YouTube",More than 5 hours,4,5,4,4,5,2,3,3,3,3,2,3,6,20-29,1,1
65,Male,Married,Retired,Goverment,Yes,"Facebook, YouTube",Between 3 and 4 hours,5,3,2,2,2,1,3,4,3,1,3,2,3.5,60-69,0,2
17,Female,Single,School Student,null,Yes,"Instagram, YouTube, Reddit, Pinterest",Between 3 and 4 hours,4,3,1,3,5,3,4,2,1,3,5,1,3.5,Oct-19,1,0
40,Male,Married,Salaried Worker,"Company, Private",Yes,"Twitter, YouTube, Reddit",Between 2 and 3 hours,3,3,3,3,2,3,2,3,1,2,2,1,2.5,40-49,0,2
33,Female,Single,Salaried Worker,School,Yes,"Facebook, YouTube",Between 3 and 4 hours,3,3,1,3,2,1,2,2,1,1,1,1,3.5,30-39,1,0
22,Female,Single,University Student,University,Yes,"Facebook, Twitter, Instagram, YouTube, Snapchat, Discord, Reddit, Pinterest, TikTok",Between 3 and 4 hours,4,4,3,4,3,2,1,3,3,3,4,4,3.5,20-29,1,0
24,Male,Single,Salaried Worker,Company,Yes,"YouTube, Snapchat, Discord",More than 5 hours,5,5,5,5,4,5,2,2,1,3,5,1,6,20-29,0,0
26,Male,Single,University Student,University,Yes,Facebook,Less than an Hour,3,5,3,5,5,5,5,5,5,5,5,5,0.5,20-29,0,0
55,Male,Married,Salaried Worker,Private,Yes,"Discord, Reddit",Between 1 and 2 hours,3,2,1,3,2,1,1,3,1,1,2,1,1.5,50-59,0,2
26,Male,relationship,Salaried Worker,Company,No,"YouTube, Discord, Reddit",Between 1 and 2 hours,4,1,1,2,2,1,1,3,1,1,3,2,1.5,20-29,0,1
27,Male,Single,University Student,University,Yes,"Facebook, Twitter, Instagram, YouTube, Snapchat, Reddit, TikTok",More than 5 hours,2,5,5,4,4,5,3,3,4,5,2,3,6,20-29,0,0
22,Male,Married,University Student,"School, University",Yes,"Facebook, Instagram, YouTube, Snapchat, Discord, Reddit",More than 5 hours,3,2,1,2,4,2,1,3,1,3,4,2,6,20-29,0,2
19,Female,Single,School Student,School,Yes,"Facebook, Instagram, YouTube, Discord, Pinterest",Between 2 and 3 hours,3,2,2,2,4,3,3,3,2,4,4,5,2.5,Oct-19,1,0
22,Female,Married,University Student,University,Yes,"Facebook, Twitter, Instagram, YouTube, Snapchat, Discord, Reddit, Pinterest, TikTok",Between 2 and 3 hours,4,5,2,4,4,4,3,3,4,5,4,2,2.5,20-29,1,2
20,Female,Married,University Student,University,Yes,"Instagram, Reddit",Between 1 and 2 hours,1,1,1,2,2,2,1,3,1,1,3,5,1.5,20-29,1,2
25,Female,Single,University Student,University,Yes,"Facebook, Twitter, Instagram, YouTube, Discord",More than 5 hours,4,3,3,4,4,4,2,2,2,4,3,4,6,20-29,1,0
25,Female,Married,University Student,University,Yes,"YouTube, Reddit",Between 1 and 2 hours,2,2,1,3,5,4,5,2,4,4,5,4,1.5,20-29,1,2
18,Female,Single,University Student,University,Yes,"Facebook, Instagram, YouTube, Pinterest",More than 5 hours,4,4,3,5,4,3,1,3,1,5,4,5,6,Oct-19,1,0
25,Male,Single,Salaried Worker,null,Yes,Reddit,Between 1 and 2 hours,3,1,1,3,2,4,1,3,1,5,1,5,1.5,20-29,0,0
19,Female,Single,University Student,null,Yes,"Discord, Reddit",Between 2 and 3 hours,2,3,1,5,3,5,1,3,1,1,5,4,2.5,Oct-19,1,0
24,Male,relationship,School Student,University,Yes,"YouTube, Discord, Reddit",Between 1 and 2 hours,3,2,4,3,2,2,1,3,2,2,4,4,1.5,20-29,0,1
21,Male,relationship,University Student,University,Yes,"Facebook, Instagram, Reddit, TikTok",Between 3 and 4 hours,5,5,5,5,5,5,5,2,4,4,4,1,3.5,20-29,0,1
18,Non-binary,Single,School Student,School,Yes,"Twitter, Instagram, YouTube, Reddit, TikTok",Between 2 and 3 hours,2,1,2,3,5,3,2,3,2,4,2,4,2.5,Oct-19,Non-binary,0
14,Male,Single,School Student,School,Yes,Reddit,Between 1 and 2 hours,4,2,2,3,5,3,3,4,2,4,4,4,1.5,Oct-19,0,0
25,Male,Single,University Student,University,Yes,"YouTube, Snapchat, Discord, Reddit",Between 3 and 4 hours,4,4,3,3,3,2,3,2,2,3,4,4,3.5,20-29,0,0
33,Male,Married,Salaried Worker,Private,Yes,"Instagram, YouTube",Between 3 and 4 hours,2,4,3,2,2,2,1,1,1,1,2,2,3.5,30-39,0,2
23,Male,Single,School Student,"University, Company",Yes,"Instagram, YouTube, Discord, Reddit",Between 2 and 3 hours,5,5,5,5,5,5,5,5,5,5,5,5,2.5,20-29,0,0
14,Female,Single,School Student,School,Yes,"Twitter, Instagram, YouTube, Snapchat, Reddit, Pinterest, TikTok",More than 5 hours,4,4,2,2,4,2,4,2,4,4,4,5,6,Oct-19,1,0
38,Male,Married,Salaried Worker,University,Yes,"Twitter, YouTube, Discord, Reddit",Between 1 and 2 hours,5,2,1,3,2,1,1,3,1,2,1,2,1.5,30-39,0,2
23,Female,Single,Retired,null,Yes,"Facebook, YouTube, Discord, Reddit",Between 4 and 5 hours,4,4,3,3,4,5,3,2,4,5,5,4,4.5,20-29,1,0
26,Male,Single,Salaried Worker,Company,Yes,Reddit,Less than an Hour,2,1,1,3,2,1,1,1,1,2,3,4,0.5,20-29,0,0
24,Male,Single,University Student,University,Yes,"Facebook, YouTube, Reddit",Between 2 and 3 hours,4,5,3,4,3,2,2,3,4,5,4,2,2.5,20-29,0,0
21,Female,Single,University Student,University,Yes,"Facebook, Twitter, Instagram, YouTube, Snapchat, Discord, TikTok",Between 3 and 4 hours,4,3,4,4,5,4,5,1,2,4,4,2,3.5,20-29,1,0
18,Female,Single,University Student,"University, Goverment, Private",Yes,"Facebook, YouTube, Reddit",Between 3 and 4 hours,4,3,3,3,5,5,4,3,1,5,5,5,3.5,Oct-19,1,0
28,Male,Single,University Student,University,Yes,"Facebook, YouTube, Discord, Reddit",Between 3 and 4 hours,2,5,4,3,5,5,5,2,1,5,3,5,3.5,20-29,0,0
22,Male,Single,University Student,null,Yes,"Twitter, Instagram, YouTube, Snapchat, Discord, Reddit",Between 2 and 3 hours,4,4,4,5,5,5,3,3,1,4,4,5,2.5,20-29,0,0
21,Male,Single,University Student,University,Yes,"Facebook, Instagram, YouTube, Snapchat, Discord, Reddit, Pinterest",More than 5 hours,4,4,2,5,4,4,3,3,2,1,5,4,6,20-29,0,0
21,Male,Single,University Student,University,Yes,"Instagram, YouTube, Snapchat, Discord, Reddit",More than 5 hours,5,5,3,5,4,5,2,3,2,4,5,2,6,20-29,0,0
21,Female,relationship,University Student,"University, Company, Private",Yes,"Facebook, Instagram, YouTube, Pinterest",Between 4 and 5 hours,3,5,5,5,3,5,4,4,3,4,5,5,4.5,20-29,1,1
17,Male,Single,School Student,School,Yes,"Facebook, Twitter, Instagram, YouTube, Reddit",Between 2 and 3 hours,4,4,3,4,5,4,3,2,4,2,4,2,2.5,Oct-19,0,0
24,NB,Single,Salaried Worker,null,Yes,"YouTube, Reddit",Between 2 and 3 hours,4,3,2,3,5,2,3,2,2,4,3,1,2.5,20-29,2,0
22,Female,relationship,University Student,University,Yes,"Facebook, YouTube",Between 1 and 2 hours,3,4,3,4,1,3,1,2,2,2,4,4,1.5,20-29,1,1
32,Female,Married,Salaried Worker,Company,Yes,Reddit,Between 1 and 2 hours,4,3,2,5,2,5,2,4,1,1,2,1,1.5,30-39,1,2
22,Male,Single,University Student,University,Yes,"Facebook, YouTube",Between 2 and 3 hours,5,4,2,2,1,3,1,3,5,3,2,2,2.5,20-29,0,0
20,Female,relationship,University Student,University,Yes,"Facebook, Instagram, YouTube, Snapchat, Pinterest",Between 2 and 3 hours,4,5,4,5,5,5,4,2,4,5,5,4,2.5,20-29,1,1
22,Male,relationship,University Student,University,Yes,"Facebook, Instagram, YouTube, Snapchat",Between 2 and 3 hours,3,5,2,4,4,4,2,3,2,4,4,3,2.5,20-29,0,1
28,Female,Single,University Student,University,Yes,"Facebook, YouTube",Between 3 and 4 hours,4,5,4,5,5,5,2,3,2,4,5,2,3.5,20-29,1,0
22,Female,Single,University Student,University,Yes,"Facebook, Twitter, Instagram, YouTube, Snapchat",More than 5 hours,4,3,3,4,5,4,1,3,2,4,2,1,6,20-29,1,0
17,unsure ,Single,School Student,School,Yes,"Twitter, Instagram, YouTube, Snapchat, Discord, Reddit, TikTok",Between 4 and 5 hours,4,4,3,4,2,4,3,2,2,3,3,5,4.5,Oct-19,unsure ,0
30,Female,Single,Salaried Worker,University,Yes,Instagram,Between 4 and 5 hours,4,5,3,2,4,4,3,3,3,4,4,4,4.5,30-39,1,0
22,Male,Single,University Student,University,Yes,"Facebook, Instagram, YouTube, Snapchat, Discord",More than 5 hours,5,5,1,3,2,5,2,1,1,3,1,5,6,20-29,0,0
14,Male,Single,School Student,School,Yes,"Instagram, YouTube, Discord",Between 4 and 5 hours,5,5,2,4,2,3,1,3,1,1,3,5,4.5,Oct-19,0,0
20,Male,Single,School Student,null,Yes,"YouTube, Reddit",More than 5 hours,4,2,1,2,1,1,2,2,1,4,3,2,6,20-29,0,0
22,Female,Single,School Student,University,Yes,"Facebook, Instagram, YouTube, Pinterest",More than 5 hours,4,4,4,4,4,5,5,3,4,5,5,3,6,20-29,1,0
16,Male,Single,School Student,School,Yes,"Facebook, Instagram, YouTube, Snapchat, Discord, TikTok",Between 4 and 5 hours,4,5,2,5,3,4,3,1,4,2,1,3,4.5,Oct-19,0,0
22,Female,relationship,University Student,"University, Company",Yes,"Facebook, Twitter, Instagram, YouTube",Between 2 and 3 hours,3,4,3,4,4,3,2,2,3,3,2,3,2.5,20-29,1,1
22,Male,relationship,University Student,University,Yes,"Facebook, Twitter, Instagram, YouTube, Snapchat, Discord, Reddit, Pinterest",Between 1 and 2 hours,5,4,3,4,4,2,1,1,1,5,3,5,1.5,20-29,0,1
22,Male,Single,University Student,University,Yes,Instagram,Between 3 and 4 hours,3,4,3,3,4,3,2,3,3,4,3,3,3.5,20-29,0,0
22,Male,Single,University Student,University,Yes,"Facebook, Twitter, Instagram, YouTube, Snapchat, Pinterest",Between 1 and 2 hours,4,3,4,3,5,5,3,3,4,3,5,5,1.5,20-29,0,0
21,Female,Single,University Student,University,Yes,"Facebook, Instagram, YouTube, Snapchat, Pinterest",Between 4 and 5 hours,2,3,4,3,3,3,3,4,4,1,3,3,4.5,20-29,1,0
23,Female,Single,University Student,University,Yes,"Facebook, YouTube",Between 4 and 5 hours,2,3,4,3,3,3,3,4,3,2,4,5,4.5,20-29,1,0
23,Female,Single,University Student,University,Yes,"Facebook, Instagram, TikTok",Between 2 and 3 hours,3,2,2,4,2,2,1,3,3,3,4,5,2.5,20-29,1,0
48,Female,Married,Salaried Worker,School,Yes,"Facebook, YouTube",Between 1 and 2 hours,1,1,1,1,3,2,1,3,2,1,1,1,1.5,40-49,1,2
21,Female,relationship,University Student,null,Yes,"Facebook, Instagram, YouTube, Snapchat",Between 3 and 4 hours,3,2,1,3,2,3,2,1,3,2,2,5,3.5,20-29,1,1
47,Female,Married,Salaried Worker,Goverment,Yes,"Facebook, Instagram, YouTube, Pinterest",Between 2 and 3 hours,4,3,3,3,2,2,2,3,3,3,3,3,2.5,40-49,1,2
48,Male,Married,Salaried Worker,Private,Yes,"Facebook, Instagram, YouTube",Between 2 and 3 hours,3,3,4,4,4,4,4,3,3,2,3,3,2.5,40-49,0,2
26,Female,Single,Salaried Worker,Private,Yes,"Facebook, Instagram, YouTube, Pinterest",More than 5 hours,4,5,4,4,5,3,5,4,3,4,2,3,6,20-29,1,0
47,Male,Married,Salaried Worker,Company,Yes,"Facebook, YouTube",Between 2 and 3 hours,4,3,4,4,3,3,2,3,1,2,2,4,2.5,40-49,0,2
47,Male,Married,Salaried Worker,"University, Private",Yes,"Facebook, Instagram, Snapchat",Between 1 and 2 hours,2,4,3,3,3,3,3,3,2,2,3,4,1.5,40-49,0,2
27,Female,Single,Salaried Worker,School,Yes,"Facebook, Instagram, YouTube, Snapchat",More than 5 hours,2,5,4,4,3,2,5,1,4,4,4,1,6,20-29,1,0
34,Female,Married,Salaried Worker,School,Yes,Facebook,More than 5 hours,5,5,4,5,3,1,3,3,3,2,5,4,6,30-39,1,2
20,Female,Single,University Student,University,Yes,"Facebook, Instagram",Between 2 and 3 hours,5,5,5,5,5,5,3,1,1,3,3,5,2.5,20-29,1,0
22,Female,Single,University Student,University,Yes,Facebook,More than 5 hours,5,4,5,4,5,4,3,3,4,3,3,4,6,20-29,1,0
23,Female,relationship,University Student,University,Yes,"Facebook, Instagram, YouTube, Snapchat, Discord, TikTok",More than 5 hours,5,5,5,5,5,4,5,5,4,5,4,5,6,20-29,1,1
20,Male,Single,University Student,University,Yes,"Facebook, Instagram, YouTube",Between 4 and 5 hours,4,5,3,4,3,5,2,3,3,4,4,5,4.5,20-29,0,0
48,Female,Married,Salaried Worker,Private,Yes,"Facebook, Instagram",Less than an Hour,2,4,1,3,2,1,1,3,2,1,1,1,0.5,40-49,1,2
20,Female,Single,University Student,University,Yes,"Facebook, Instagram, YouTube, TikTok",Between 3 and 4 hours,4,3,1,2,4,2,4,2,1,3,3,3,3.5,20-29,1,0
20,Female,Single,University Student,University,Yes,"Facebook, YouTube, Snapchat, Pinterest",Between 4 and 5 hours,4,5,5,5,2,5,2,3,1,5,4,3,4.5,20-29,1,0
22,Female,Single,University Student,University,Yes,"Facebook, Instagram, YouTube, Snapchat",More than 5 hours,4,5,4,5,5,5,3,1,1,4,2,2,6,20-29,1,0
22,Female,Single,University Student,"University, N/A",Yes,Instagram,More than 5 hours,5,5,3,3,2,3,4,5,4,1,4,1,6,20-29,1,0
20,Female,Single,University Student,Goverment,Yes,"Facebook, Instagram, YouTube, Snapchat",More than 5 hours,4,4,3,5,4,3,2,2,2,4,5,3,6,20-29,1,0
24,Male,Single,University Student,University,Yes,"Facebook, Twitter, Instagram, YouTube, Snapchat, Discord",Between 2 and 3 hours,1,1,3,3,4,4,3,3,2,4,4,4,2.5,20-29,0,0
23,Female,Single,University Student,University,Yes,"Facebook, Instagram, YouTube, Snapchat, Pinterest, TikTok",More than 5 hours,3,2,4,3,5,3,5,1,4,4,2,5,6,20-29,1,0
20,Female,Single,University Student,null,Yes,"Facebook, Instagram, YouTube",Between 3 and 4 hours,5,2,1,2,1,1,5,1,1,4,5,3,3.5,20-29,1,0
16,Male,Single,School Student,School,Yes,"Instagram, YouTube, Snapchat, Pinterest",Between 2 and 3 hours,3,1,2,3,3,2,2,4,1,3,3,2,2.5,Oct-19,0,0
50,Female,Single,Salaried Worker,School,Yes,"Facebook, Instagram, YouTube, Discord, Pinterest",Between 2 and 3 hours,2,1,1,3,3,2,1,4,3,1,1,4,2.5,50-59,1,0
47,Male,Married,Salaried Worker,Private,Yes,"Facebook, YouTube",Between 1 and 2 hours,4,2,2,3,2,1,4,2,3,3,2,2,1.5,40-49,0,2
24,Male,Single,Salaried Worker,Private,Yes,"Facebook, Twitter, Instagram, YouTube",Between 2 and 3 hours,3,3,2,3,4,3,2,4,2,3,1,4,2.5,20-29,0,0
38,Female,Married,Salaried Worker,School,Yes,Facebook,Less than an Hour,3,2,3,2,2,1,3,1,1,2,1,1,0.5,30-39,1,2
50,Male,Divorced,Salaried Worker,Private,No,"Instagram, YouTube",Between 1 and 2 hours,2,1,1,2,2,2,1,4,1,2,2,1,1.5,50-59,0,3
49,Male,Married,Retired,Private,Yes,"Facebook, Twitter, Instagram, YouTube, Pinterest",Between 4 and 5 hours,5,5,3,3,4,3,3,3,3,4,4,5,4.5,40-49,0,2
47,Female,Married,Salaried Worker,Goverment,Yes,"Facebook, YouTube, Pinterest",Between 2 and 3 hours,3,3,3,3,3,2,1,3,1,1,1,4,2.5,40-49,1,2
48,Female,Married,Salaried Worker,"Company, Private",Yes,"Facebook, Twitter, Instagram, YouTube, Pinterest",Between 2 and 3 hours,3,3,1,3,1,1,1,1,1,1,1,1,2.5,40-49,1,2
51,Male,Married,Salaried Worker,Private,Yes,"Facebook, Twitter, Instagram, YouTube, Snapchat, Pinterest",Between 1 and 2 hours,4,3,2,3,3,4,3,3,3,3,3,3,1.5,50-59,0,2
50,Male,Married,Salaried Worker,Company,Yes,"Facebook, Twitter, Instagram, YouTube",Between 3 and 4 hours,4,3,4,5,5,4,3,4,3,4,4,2,3.5,50-59,0,2
47,Female,Married,Salaried Worker,Private,Yes,"Facebook, Twitter, Instagram, YouTube, Pinterest",Between 3 and 4 hours,3,2,2,2,2,2,3,4,1,1,2,1,3.5,40-49,1,2
27,Female,Married,Salaried Worker,Private,Yes,"Facebook, Instagram, YouTube",Between 4 and 5 hours,4,5,2,5,5,5,5,2,3,3,5,4,4.5,20-29,1,2
40,Female,Single,Salaried Worker,Private,Yes,"Facebook, Twitter, Instagram, YouTube",Between 1 and 2 hours,4,2,1,2,4,3,3,3,3,4,3,1,1.5,40-49,1,0
46,Male,Divorced,Salaried Worker,Private,Yes,"Facebook, Twitter, Instagram, YouTube, Snapchat",Less than an Hour,3,1,1,1,2,1,1,3,5,2,2,2,0.5,40-49,0,3
21,Female,Single,University Student,"University, Private",Yes,"Facebook, Instagram, YouTube, Snapchat, Discord",Between 4 and 5 hours,4,3,4,3,3,2,5,2,3,5,5,5,4.5,20-29,1,0
47,Female,Married,Salaried Worker,Private,Yes,Facebook,Between 1 and 2 hours,4,4,3,3,2,2,4,2,3,3,3,3,1.5,40-49,1,2
20,Female,relationship,University Student,University,Yes,"Facebook, Twitter, Instagram, YouTube, Snapchat, Discord, Pinterest",More than 5 hours,4,4,3,4,4,4,5,1,4,4,3,4,6,20-29,1,1
47,Female,Married,Salaried Worker,University,Yes,"Facebook, Twitter, Instagram, YouTube",Between 1 and 2 hours,3,4,3,4,5,4,2,2,1,2,3,2,1.5,40-49,1,2
48,Male,Married,Salaried Worker,Private,Yes,"Facebook, Instagram, YouTube",Between 3 and 4 hours,3,3,3,3,2,2,3,3,3,2,3,2,3.5,40-49,0,2
49,Male,Married,Salaried Worker,Company,Yes,"Facebook, YouTube",Between 4 and 5 hours,4,3,2,2,2,2,2,4,2,2,2,4,4.5,40-49,0,2
21,Male,relationship,University Student,"University, Private",Yes,"Facebook, YouTube, Discord",Between 3 and 4 hours,3,2,1,1,2,2,2,4,3,2,2,2,3.5,20-29,0,1
32,Female,Married,Salaried Worker,School,Yes,"Facebook, Instagram, YouTube, Discord, Pinterest",Between 4 and 5 hours,5,2,4,3,2,1,1,5,1,1,2,5,4.5,30-39,1,2
47,Female,Married,Salaried Worker,University,Yes,"Twitter, Instagram, YouTube",Between 2 and 3 hours,3,1,2,3,2,2,3,3,2,2,2,3,2.5,40-49,1,2
50,Male,Married,Salaried Worker,Private,Yes,"Facebook, Twitter, YouTube",Between 1 and 2 hours,1,1,2,3,2,2,1,1,3,3,2,2,1.5,50-59,0,2
48,Male,Divorced,Salaried Worker,Private,Yes,"Facebook, Twitter, Instagram, YouTube",Less than an Hour,5,1,1,2,4,2,1,3,3,4,2,5,0.5,40-49,0,3
21,Female,relationship,University Student,"University, Company, Private",Yes,"Facebook, Instagram, YouTube, Pinterest",Between 3 and 4 hours,2,2,1,5,4,5,3,3,2,3,5,4,3.5,20-29,1,1
47,Male,Married,Salaried Worker,Company,Yes,Twitter,Less than an Hour,1,1,2,5,3,4,2,3,1,2,4,4,0.5,40-49,0,2
36,Female,Married,Salaried Worker,School,Yes,YouTube,Between 2 and 3 hours,3,2,1,2,4,4,1,1,1,1,1,4,2.5,30-39,1,2
37,Female,Married,Retired,Private,Yes,"Facebook, Instagram, YouTube",Between 1 and 2 hours,3,1,2,2,1,3,1,2,2,4,2,4,1.5,30-39,1,2
19,Female,relationship,School Student,School,Yes,Facebook,Between 4 and 5 hours,5,4,4,3,5,4,2,5,4,4,5,5,4.5,Oct-19,1,1
30,Male,relationship,Salaried Worker,Company,Yes,"Facebook, Instagram, YouTube",Between 1 and 2 hours,4,2,1,2,2,1,4,2,2,2,2,5,1.5,30-39,0,1
48,Male,Married,Salaried Worker,Private,Yes,"Facebook, Twitter, Instagram, YouTube, Snapchat, Discord, Reddit, Pinterest, TikTok",Less than an Hour,3,1,1,1,1,1,5,3,2,1,5,2,0.5,40-49,0,2
48,Female,Married,Retired,null,Yes,"Facebook, Instagram, YouTube, Pinterest, TikTok",More than 5 hours,4,5,5,5,4,5,3,3,2,3,5,4,6,40-49,1,2
48,Male,Married,Salaried Worker,Company,Yes,"Twitter, YouTube",Between 3 and 4 hours,3,2,3,3,4,3,2,3,2,3,3,4,3.5,40-49,0,2
47,Male,Married,Salaried Worker,"University, Company",Yes,"Twitter, Instagram, YouTube, Reddit, TikTok",Between 2 and 3 hours,3,2,3,5,5,5,2,5,2,3,2,4,2.5,40-49,0,2
47,Female,Married,Salaried Worker,Company,Yes,"Facebook, Twitter",Less than an Hour,2,2,2,3,2,2,4,3,2,2,2,2,0.5,40-49,1,2
48,Male,Married,Salaried Worker,null,Yes,"Facebook, YouTube, Pinterest",Less than an Hour,5,1,1,2,2,1,1,1,1,2,1,4,0.5,40-49,0,2
21,Male,Single,University Student,"School, University, Private",Yes,"Facebook, Twitter, Instagram, YouTube, Pinterest",Between 2 and 3 hours,2,4,2,3,2,1,3,5,3,2,1,4,2.5,20-29,0,0
48,Male,Married,Salaried Worker,Private,Yes,"Twitter, YouTube",Between 1 and 2 hours,2,2,1,2,1,1,2,3,1,1,2,2,1.5,40-49,0,2
21,Male,relationship,University Student,University,Yes,"Facebook, Twitter, Instagram, YouTube, Snapchat, Discord",Less than an Hour,2,3,2,4,3,3,2,3,1,2,2,1,0.5,20-29,0,1
20,Male,Single,University Student,University,Yes,"Twitter, Instagram, YouTube, Snapchat, Discord, Reddit, TikTok",More than 5 hours,5,5,5,4,2,4,3,3,1,3,3,4,6,20-29,0,0
20,Female,Single,University Student,University,Yes,"Facebook, YouTube",Between 3 and 4 hours,4,5,4,4,5,5,5,2,2,3,4,4,3.5,20-29,1,0
20,Male,Single,University Student,University,Yes,"Facebook, Instagram, YouTube",Between 1 and 2 hours,5,5,2,3,4,5,3,2,4,5,5,5,1.5,20-29,0,0
21,Female,Single,University Student,null,Yes,"Facebook, Instagram, YouTube, Snapchat",Between 1 and 2 hours,4,4,4,4,4,2,4,3,4,3,3,1,1.5,20-29,1,0
20,Female,relationship,University Student,University,Yes,"Instagram, YouTube, Pinterest",Between 4 and 5 hours,4,3,5,5,4,4,5,4,3,4,4,5,4.5,20-29,1,1
47,Male,Married,Salaried Worker,Company,Yes,"Twitter, Instagram, YouTube, Reddit, TikTok",Between 2 and 3 hours,4,3,3,2,4,3,1,2,1,1,2,1,2.5,40-49,0,2
35,Female,Divorced,Salaried Worker,School,Yes,"Facebook, YouTube",Less than an Hour,3,2,1,1,1,1,1,3,4,1,1,1,0.5,30-39,1,3
23,Female,Single,University Student,University,Yes,Pinterest,Between 3 and 4 hours,5,3,3,4,3,5,1,3,3,4,3,5,3.5,20-29,1,0
21,Female,Single,University Student,University,Yes,"Facebook, Twitter, Instagram, YouTube, Snapchat, Pinterest",Between 4 and 5 hours,3,5,4,5,5,4,3,2,1,3,5,5,4.5,20-29,1,0
21,Female,relationship,University Student,University,Yes,"Facebook, Instagram, YouTube, Pinterest",Between 2 and 3 hours,3,2,5,2,4,1,3,2,4,4,2,1,2.5,20-29,1,1
37,Female,Married,Salaried Worker,University,Yes,"Facebook, YouTube",Between 1 and 2 hours,5,4,4,3,5,2,5,2,2,4,4,5,1.5,30-39,1,2
48,Male,Married,Salaried Worker,Company,Yes,"Facebook, Twitter, Instagram, YouTube",Between 1 and 2 hours,4,2,2,3,2,2,2,3,3,3,3,4,1.5,40-49,0,2
47,Male,Married,Salaried Worker,Goverment,Yes,"Facebook, YouTube, TikTok",Less than an Hour,3,1,1,2,4,2,3,3,2,1,2,3,0.5,40-49,0,2
25,Female,Married,Salaried Worker,Company,Yes,"Facebook, Twitter, Instagram, YouTube, Reddit, Pinterest, TikTok",Between 4 and 5 hours,3,4,5,4,5,4,2,4,4,5,3,2,4.5,20-29,1,2
22,Female,relationship,University Student,University,Yes,"Facebook, Twitter, Instagram, YouTube, Snapchat, Discord, Pinterest, TikTok",More than 5 hours,5,5,4,5,4,3,2,3,3,3,4,4,6,20-29,1,1
45,Male,Married,Salaried Worker,Private,Yes,"Facebook, YouTube",Between 2 and 3 hours,3,2,3,3,3,3,3,2,2,2,2,2,2.5,40-49,0,2
47,Male,Married,Salaried Worker,"Company, Private",Yes,"Instagram, YouTube",Between 1 and 2 hours,4,3,2,4,3,2,2,3,3,3,2,1,1.5,40-49,0,2
47,Female,Single,Salaried Worker,Company,Yes,"Facebook, Twitter, Instagram, YouTube, Pinterest",Between 4 and 5 hours,4,5,2,3,3,1,3,3,1,3,3,1,4.5,40-49,1,0
24,Female,Married,University Student,Private,Yes,"Facebook, Instagram, Pinterest",More than 5 hours,5,3,4,3,4,5,3,3,3,4,3,4,6,20-29,1,2
21,Female,relationship,University Student,University,Yes,Instagram,Between 2 and 3 hours,5,5,5,5,1,5,2,5,5,2,5,5,2.5,20-29,1,1
22,Female,Single,University Student,University,Yes,"Facebook, YouTube, Discord, Reddit, Pinterest",Between 2 and 3 hours,3,2,2,2,2,2,1,3,3,4,2,1,2.5,20-29,1,0
19,Female,Single,School Student,School,Yes,"Facebook, Instagram, YouTube, Snapchat, Discord, Pinterest, TikTok",Between 2 and 3 hours,3,4,3,3,3,3,3,5,3,4,3,1,2.5,Oct-19,1,0
21,Female,relationship,University Student,University,Yes,"Facebook, Instagram, YouTube, Snapchat",Between 4 and 5 hours,3,3,2,4,2,4,3,2,1,4,4,4,4.5,20-29,1,1
22,Female,relationship,University Student,University,Yes,"Facebook, Instagram, YouTube, Snapchat",More than 5 hours,5,3,3,3,5,3,2,3,4,5,3,4,6,20-29,1,1
20,Male,Single,University Student,null,Yes,"Facebook, Instagram, YouTube, Snapchat, Discord, TikTok",Between 3 and 4 hours,4,5,4,4,5,4,1,3,4,4,5,5,3.5,20-29,0,0
42,Female,Married,Salaried Worker,School,Yes,"Facebook, Instagram, YouTube, Discord, Pinterest",Between 2 and 3 hours,3,1,1,1,1,1,1,3,1,1,3,1,2.5,40-49,1,2
35,Female,Married,Salaried Worker,School,Yes,Facebook,Between 2 and 3 hours,5,3,2,2,1,3,2,4,1,3,2,2,2.5,30-39,1,2
38,Male,Married,Salaried Worker,University,Yes,"Facebook, Twitter, YouTube, Discord, Reddit",Between 4 and 5 hours,3,3,3,2,3,2,3,4,3,2,2,2,4.5,30-39,0,2
17,Male,Single,School Student,School,Yes,"Facebook, Instagram, YouTube",Less than an Hour,2,2,2,2,2,1,1,2,1,1,1,2,0.5,Oct-19,0,0
32,Male,Married,Salaried Worker,"Company, Private",Yes,"Facebook, YouTube, Discord, Reddit",Between 1 and 2 hours,3,1,3,2,2,1,1,3,1,1,2,1,1.5,30-39,0,2
21,Female,Single,University Student,University,Yes,"Facebook, Twitter, Instagram, YouTube, Snapchat, Discord",Between 1 and 2 hours,3,3,2,5,4,5,4,2,2,2,3,2,1.5,20-29,1,0
22,Male,relationship,University Student,"University, Private",Yes,"Facebook, Instagram, YouTube, Snapchat, Discord, Reddit",Between 3 and 4 hours,4,2,2,2,4,3,2,4,2,3,2,5,3.5,20-29,0,1
27,Female,Married,University Student,University,Yes,"Facebook, Instagram, YouTube",More than 5 hours,5,5,3,3,3,3,1,3,1,3,3,4,6,20-29,1,2
21,Male,relationship,University Student,University,Yes,"Facebook, Instagram, YouTube, Discord, Reddit, TikTok",Between 3 and 4 hours,4,5,3,5,5,5,5,2,4,3,5,3,3.5,20-29,0,1
27,Male,Married,Salaried Worker,"University, Company",Yes,"Facebook, Discord, Reddit",More than 5 hours,5,5,5,5,5,5,1,3,1,5,5,5,6,20-29,0,2
20,Male,Single,School Student,School,Yes,"Instagram, Discord, Reddit, Pinterest, TikTok",Between 2 and 3 hours,3,2,3,2,3,2,3,2,3,2,1,4,2.5,20-29,0,0
27,Female,Married,Salaried Worker,Private,Yes,"Facebook, Instagram, YouTube",Between 3 and 4 hours,4,4,4,5,4,3,2,2,1,1,3,2,3.5,20-29,1,2
24,Male,Single,University Student,"University, Company",Yes,"Facebook, Instagram, YouTube, Discord",Between 3 and 4 hours,5,5,5,5,1,5,5,4,1,5,5,4,3.5,20-29,0,0
26,Female,Single,Salaried Worker,Private,Yes,"Facebook, Instagram, YouTube, Snapchat, Pinterest",Between 2 and 3 hours,3,2,1,1,1,1,1,1,1,1,1,1,2.5,20-29,1,0
20,Female,Single,University Student,University,Yes,"Twitter, Instagram, YouTube, Snapchat, Discord, Reddit, Pinterest, TikTok",Between 3 and 4 hours,2,1,1,2,5,3,5,4,3,4,3,4,3.5,20-29,1,0
31,Male,Single,Salaried Worker,School,Yes,"Facebook, Instagram, YouTube, Discord",Between 2 and 3 hours,3,3,3,3,4,3,4,4,4,3,3,2,2.5,30-39,0,0
21,Male,Single,University Student,University,Yes,"YouTube, Discord, Reddit",More than 5 hours,5,1,1,1,1,1,1,3,1,1,1,1,6,20-29,0,0
34,Male,Married,Salaried Worker,Private,Yes,"Facebook, YouTube, TikTok",More than 5 hours,5,3,2,3,3,4,4,4,5,5,5,5,6,30-39,0,2
22,Male,Single,University Student,University,Yes,"Facebook, YouTube, Snapchat",Less than an Hour,1,1,1,1,1,1,1,1,1,1,1,1,0.5,20-29,0,0
20,Female,relationship,University Student,null,Yes,Instagram,More than 5 hours,3,3,1,3,5,3,2,3,5,4,5,1,6,20-29,1,1
23,Male,relationship,University Student,"University, Company",Yes,"Facebook, Twitter, Instagram, YouTube, Discord, Reddit",Between 4 and 5 hours,4,2,1,1,3,1,1,3,1,3,2,1,4.5,20-29,0,1
48,Male,Married,Salaried Worker,Private,Yes,"Facebook, YouTube",Less than an Hour,1,1,1,1,1,1,5,5,3,1,1,1,0.5,40-49,0,2
37,Male,Married,Salaried Worker,Private,Yes,"Facebook, YouTube",Between 1 and 2 hours,4,4,1,3,4,4,4,4,3,2,3,2,1.5,30-39,0,2
22,Male,Single,University Student,University,Yes,"Facebook, Instagram, YouTube, Snapchat",Between 1 and 2 hours,3,3,2,3,4,4,4,4,3,5,4,4,1.5,20-29,0,0
50,Male,Single,Salaried Worker,null,Yes,Facebook,Between 1 and 2 hours,3,2,3,3,3,5,4,5,5,2,4,3,1.5,50-59,0,0
21,Female,relationship,University Student,University,Yes,"Facebook, Twitter, Instagram, YouTube, Snapchat",More than 5 hours,4,4,4,5,5,5,4,2,3,3,4,4,6,20-29,1,1
23,Female,Single,University Student,"University, Goverment",Yes,"Facebook, Twitter, Instagram, YouTube, Snapchat, Discord, Pinterest",Between 2 and 3 hours,4,4,1,3,2,2,1,2,1,2,4,1,2.5,20-29,1,0
21,Female,Single,University Student,University,Yes,"Facebook, YouTube",Between 1 and 2 hours,4,3,1,3,4,3,5,2,3,3,4,3,1.5,20-29,1,0
22,Female,Single,University Student,University,Yes,"Facebook, Twitter, Instagram, YouTube, Snapchat, Discord, Pinterest",Between 3 and 4 hours,3,3,3,3,3,2,2,3,3,3,3,3,3.5,20-29,1,0
22,Female,relationship,University Student,University,Yes,Facebook,More than 5 hours,3,1,4,4,3,4,3,4,3,4,4,3,6,20-29,1,1
22,Female,relationship,University Student,University,Yes,"Facebook, Instagram, YouTube, Snapchat, TikTok",More than 5 hours,2,5,3,3,3,4,5,3,3,2,4,3,6,20-29,1,1
19,Female,Single,University Student,University,Yes,"Facebook, Instagram, YouTube, Snapchat, Discord, Pinterest",Between 3 and 4 hours,5,4,5,3,5,4,5,1,5,4,4,3,3.5,Oct-19,1,0
23,Female,Single,University Student,University,Yes,"Facebook, Instagram, YouTube",Between 2 and 3 hours,5,5,3,5,3,5,1,3,2,2,2,5,2.5,20-29,1,0
46,Male,Married,Salaried Worker,"Company, Private",Yes,"Facebook, YouTube",Less than an Hour,2,1,1,1,1,1,1,2,1,1,3,4,0.5,40-49,0,2
21,Male,relationship,University Student,University,Yes,"Facebook, Instagram, YouTube",More than 5 hours,4,5,3,4,4,4,3,3,4,4,4,5,6,20-29,0,1
24,Female,relationship,University Student,University,Yes,"Facebook, Instagram, YouTube, Discord",More than 5 hours,2,3,1,2,4,3,4,4,3,4,1,1,6,20-29,1,1
20,Female,Single,University Student,University,Yes,"Facebook, Instagram, YouTube",Less than an Hour,3,1,1,1,2,2,5,1,2,1,3,1,0.5,20-29,1,0
25,Male,Single,University Student,University,Yes,YouTube,Between 1 and 2 hours,5,5,1,1,2,3,4,5,3,5,2,5,1.5,20-29,0,0
21,Female,Single,University Student,"University, Company, Goverment",Yes,"Facebook, YouTube, Discord, Pinterest",Between 3 and 4 hours,2,1,1,2,2,1,1,1,1,1,1,1,3.5,20-29,1,0
23,Male,relationship,University Student,University,Yes,"Facebook, Twitter, Instagram, YouTube, Discord, Reddit, TikTok",More than 5 hours,4,4,3,5,4,4,4,2,1,4,4,3,6,20-29,0,1
22,Female,relationship,Salaried Worker,Company,Yes,"Instagram, YouTube, Discord, Reddit, TikTok",More than 5 hours,5,4,4,4,4,3,4,4,4,4,5,1,6,20-29,1,1
36,Male,Married,Salaried Worker,University,Yes,"Facebook, Instagram, YouTube, Pinterest",Less than an Hour,2,1,1,2,3,1,3,3,1,2,1,1,0.5,30-39,0,2
22,Female,Single,University Student,University,Yes,"Facebook, Instagram, YouTube, Snapchat, Pinterest, TikTok",Between 2 and 3 hours,5,5,3,5,5,2,3,1,2,5,3,5,2.5,20-29,1,0
69,Trans,Divorced,Salaried Worker,null,Yes,TikTok,More than 5 hours,5,5,5,5,5,5,5,5,5,5,5,5,6,60-69,Trans,3
25,Female,Single,Salaried Worker,University,Yes,"Facebook, Instagram, YouTube",Between 4 and 5 hours,3,4,2,5,5,1,5,1,5,4,5,5,4.5,20-29,1,0
22,Female,Single,University Student,University,Yes,"Facebook, Twitter, Instagram, YouTube, Snapchat, TikTok",Between 4 and 5 hours,4,2,1,5,4,3,5,1,4,4,4,2,4.5,20-29,1,0
23,Male,Single,University Student,"University, N/A",Yes,"Facebook, Instagram, YouTube, Snapchat, Discord, TikTok",Between 3 and 4 hours,3,4,2,5,5,5,5,4,4,2,3,4,3.5,20-29,0,0
23,Male,Single,University Student,University,Yes,"Facebook, Instagram",Less than an Hour,3,2,1,3,4,3,3,3,2,3,2,5,0.5,20-29,0,0
19,Female,Single,School Student,University,Yes,"Facebook, Instagram, YouTube, Discord",Between 3 and 4 hours,5,3,2,3,5,5,2,3,3,3,5,5,3.5,Oct-19,1,0
21,Female,Single,University Student,"School, University, Private",Yes,"Facebook, Instagram, YouTube, Snapchat, Discord, Reddit",Between 1 and 2 hours,3,5,2,4,2,2,1,4,2,3,2,3,1.5,20-29,1,0
27,Female,relationship,Salaried Worker,Private,Yes,"Facebook, Instagram, YouTube, Snapchat",Between 4 and 5 hours,5,5,3,4,4,4,4,2,3,4,4,2,4.5,20-29,1,1
25,Female,Single,University Student,University,Yes,"Facebook, YouTube, Discord",More than 5 hours,4,3,1,2,4,3,4,2,2,4,2,1,6,20-29,1,0
20,Female,Single,University Student,University,Yes,"Facebook, Instagram, YouTube, Snapchat",Between 2 and 3 hours,4,2,1,3,4,1,1,5,1,2,2,3,2.5,20-29,1,0
34,Female,Married,Salaried Worker,School,Yes,Facebook,Between 1 and 2 hours,2,5,1,1,1,5,2,3,5,1,2,1,1.5,30-39,1,2
23,Female,Single,University Student,University,Yes,"Facebook, Instagram, YouTube, Snapchat, Discord, Pinterest",More than 5 hours,5,5,3,3,5,3,3,4,3,4,5,4,6,20-29,1,0
34,Female,Married,Salaried Worker,School,Yes,Facebook,Between 1 and 2 hours,2,2,1,1,1,1,2,1,1,1,1,1,1.5,30-39,1,2
26,Female,Single,Salaried Worker,null,Yes,"Facebook, Instagram, YouTube, Discord, Pinterest, TikTok",Between 4 and 5 hours,5,5,3,5,5,5,3,3,3,5,4,4,4.5,20-29,1,0
25,Male,Single,University Student,University,Yes,"Facebook, Twitter, Instagram, YouTube, Snapchat, Discord, Pinterest, TikTok",Between 4 and 5 hours,4,5,2,5,1,5,2,3,4,5,1,5,4.5,20-29,0,0
22,Female,Married,University Student,University,Yes,"Facebook, Instagram, YouTube, Pinterest",Between 2 and 3 hours,5,4,2,3,3,2,1,3,2,2,3,3,2.5,20-29,1,2
20,Male,Single,University Student,University,Yes,"Facebook, Twitter, Instagram, YouTube, Snapchat, Discord, Reddit",Less than an Hour,4,2,1,3,5,2,1,4,2,2,4,2,0.5,20-29,0,0
23,Female,Single,University Student,University,Yes,"Facebook, Instagram, YouTube, Snapchat",More than 5 hours,4,5,3,4,5,5,5,1,3,3,4,5,6,20-29,1,0
91,Female,Single,University Student,University,Yes,"Facebook, Instagram, YouTube, Snapchat, Discord",Between 2 and 3 hours,2,5,4,4,5,5,5,1,5,5,5,5,2.5,,1,0
22,Female,Single,University Student,University,Yes,"Facebook, Instagram, YouTube, Snapchat, Discord",Between 4 and 5 hours,4,1,2,1,1,1,1,2,1,1,2,3,4.5,20-29,1,0
23,Female,Single,University Student,"University, N/A",Yes,"Facebook, Instagram, YouTube, TikTok",More than 5 hours,3,3,2,3,3,4,3,3,4,4,3,2,6,20-29,1,0
21,Female,relationship,University Student,"University, Company",Yes,"Facebook, Instagram, Discord",Between 2 and 3 hours,2,3,4,2,3,4,2,4,2,3,1,4,2.5,20-29,1,1
36,Female,Married,Salaried Worker,null,Yes,"Facebook, YouTube, Snapchat",Between 1 and 2 hours,4,1,1,2,2,1,1,3,2,2,3,3,1.5,30-39,1,2
21,Female,relationship,University Student,University,Yes,"Facebook, Instagram, YouTube, Snapchat, Discord, TikTok",Between 2 and 3 hours,3,3,2,3,5,4,3,3,3,5,5,4,2.5,20-29,1,1
22,Female,Single,University Student,University,Yes,"Facebook, Instagram, YouTube",Between 1 and 2 hours,2,2,2,2,2,3,4,3,3,3,2,2,1.5,20-29,1,0
22,Male,Single,University Student,University,Yes,"Facebook, Twitter, Instagram, YouTube, Discord, Reddit, Pinterest, TikTok",More than 5 hours,4,4,3,4,2,4,4,3,4,3,4,3,6,20-29,0,0
22,Female,Single,University Student,University,Yes,"Facebook, Instagram, YouTube, Snapchat",More than 5 hours,5,2,5,4,4,4,4,3,2,2,3,2,6,20-29,1,0
20,Female,Single,University Student,University,Yes,"Facebook, Instagram, YouTube, Discord",Between 3 and 4 hours,3,3,3,3,4,3,4,3,3,3,3,2,3.5,20-29,1,0
26,Female,relationship,Salaried Worker,Private,Yes,"Facebook, Twitter, Instagram, YouTube",More than 5 hours,4,4,1,3,3,2,2,4,1,2,2,4,6,20-29,1,1
21,Male,Single,University Student,University,Yes,YouTube,Between 2 and 3 hours,3,3,2,5,5,4,2,3,2,4,2,4,2.5,20-29,0,0
20,Female,Single,University Student,"University, Private",Yes,"Facebook, Instagram, YouTube, Snapchat, Pinterest, TikTok",More than 5 hours,4,5,3,5,5,5,2,3,1,3,4,5,6,20-29,1,0
21,Female,relationship,University Student,"School, University, Private",Yes,"Facebook, Twitter, YouTube, Discord, Pinterest",More than 5 hours,3,2,1,2,3,1,1,3,1,3,3,2,6,20-29,1,1
19,Female,Single,School Student,School,Yes,"Facebook, Twitter, Instagram, YouTube, Snapchat, Discord, Reddit, Pinterest, TikTok",More than 5 hours,3,2,1,5,2,3,1,3,1,2,1,5,6,Oct-19,1,0
20,Female,Single,University Student,University,Yes,"Facebook, Instagram, YouTube, Snapchat, Discord, Pinterest, TikTok",More than 5 hours,4,5,5,5,5,5,5,1,4,5,5,5,6,20-29,1,0
22,Female,Single,University Student,"University, Private",Yes,"Facebook, Twitter, Instagram, YouTube, Snapchat, Discord, Reddit, Pinterest, TikTok",Between 3 and 4 hours,5,4,3,4,4,3,2,3,4,3,3,4,3.5,20-29,1,0
23,Male,Single,University Student,"School, University",Yes,"YouTube, Discord, Reddit",Between 1 and 2 hours,2,2,1,5,5,5,1,3,1,5,1,5,1.5,20-29,0,0
21,Male,Single,University Student,University,Yes,"Facebook, Twitter, Instagram, YouTube, Discord, Reddit",Between 2 and 3 hours,4,4,4,5,5,4,4,2,3,3,4,3,2.5,20-29,0,0
21,Female,relationship,University Student,"School, University",Yes,"Facebook, Instagram, YouTube, Snapchat, Discord, Pinterest, TikTok",Between 3 and 4 hours,5,4,2,5,5,4,4,3,3,5,5,5,3.5,20-29,1,1
22,Male,relationship,University Student,University,Yes,"Facebook, Instagram, YouTube, Snapchat, Discord",Between 4 and 5 hours,5,5,3,5,5,5,5,5,5,5,5,5,4.5,20-29,0,1
26,Male,Single,Salaried Worker,Company,Yes,"Facebook, Instagram, YouTube, Discord",More than 5 hours,5,5,5,5,5,5,5,5,1,5,5,5,6,20-29,0,0
22,Female,relationship,University Student,University,Yes,"Facebook, Instagram, YouTube, Discord",Between 2 and 3 hours,4,4,2,3,5,3,1,3,4,5,2,2,2.5,20-29,1,1
17,Male,Single,School Student,School,Yes,Discord,Between 2 and 3 hours,3,4,3,3,3,3,5,3,4,5,3,4,2.5,Oct-19,0,0
23,Male,Single,University Student,"University, Private",Yes,"Facebook, Instagram, YouTube, Discord, Pinterest, TikTok",More than 5 hours,4,3,3,4,5,4,5,4,4,3,4,5,6,20-29,0,0
21,Male,Single,School Student,"School, Company",Yes,"Facebook, Instagram, YouTube, Discord, Reddit, Pinterest",Between 3 and 4 hours,2,4,2,4,5,4,5,4,4,4,3,3,3.5,20-29,0,0
22,Female,Single,University Student,University,Yes,"Facebook, Instagram, YouTube, Snapchat",More than 5 hours,1,1,1,1,1,1,2,2,1,2,1,2,6,20-29,1,0
20,Male,Single,University Student,University,Yes,"Facebook, Twitter, Instagram, YouTube, Snapchat, Discord, TikTok",More than 5 hours,4,5,3,2,5,3,4,2,1,5,4,5,6,20-29,0,0
24,Female,Single,University Student,University,Yes,"Facebook, Twitter, Instagram, YouTube",Between 4 and 5 hours,4,4,3,4,4,4,3,3,3,4,4,4,4.5,20-29,1,0
22,Female,Single,University Student,Private,Yes,"Facebook, Instagram, YouTube, Snapchat",Between 3 and 4 hours,4,4,2,5,4,5,3,2,2,3,4,4,3.5,20-29,1,0
24,Male,Single,University Student,University,Yes,"Facebook, Twitter, Instagram, YouTube, Discord",Between 3 and 4 hours,4,3,2,3,2,3,2,1,3,2,3,2,3.5,20-29,0,0
22,Female,Single,University Student,University,Yes,"Facebook, Instagram, YouTube, Snapchat, Pinterest",More than 5 hours,3,4,4,5,5,4,5,2,4,5,4,4,6,20-29,1,0
26,Male,relationship,University Student,"University, Private",Yes,"Facebook, Twitter, Instagram, YouTube, Snapchat, Discord, Pinterest",Between 4 and 5 hours,3,3,2,2,4,2,2,3,4,4,2,2,4.5,20-29,0,1
24,Female,relationship,Salaried Worker,Private,Yes,"Facebook, Instagram, YouTube, Discord, Pinterest",Between 3 and 4 hours,2,1,1,2,4,2,1,1,3,3,2,4,3.5,20-29,1,1
22,Female,Single,University Student,University,Yes,"Facebook, YouTube",Between 2 and 3 hours,3,4,1,2,2,3,3,3,3,3,4,4,2.5,20-29,1,0
25,Female,relationship,University Student,University,Yes,"Facebook, Instagram, YouTube, Snapchat, Discord",Between 3 and 4 hours,3,2,1,2,4,3,3,3,2,4,2,3,3.5,20-29,1,1
21,Female,Single,University Student,University,Yes,"Facebook, Instagram, YouTube, Snapchat, Discord, Reddit, Pinterest, TikTok",Between 4 and 5 hours,4,5,3,4,4,5,2,3,3,4,5,4,4.5,20-29,1,0
20,Female,relationship,University Student,University,Yes,"Facebook, Instagram, YouTube, Snapchat, TikTok",Between 2 and 3 hours,4,4,4,4,4,4,5,5,4,5,5,5,2.5,20-29,1,1
22,Female,Single,University Student,University,Yes,"Facebook, Instagram, YouTube",Between 1 and 2 hours,3,3,1,3,1,1,1,3,5,1,1,1,1.5,20-29,1,0
25,Female,relationship,Salaried Worker,Company,Yes,"Facebook, Twitter, Instagram, YouTube, Snapchat, Pinterest",Between 2 and 3 hours,2,1,3,2,4,4,3,3,1,2,1,1,2.5,20-29,1,1
17,Male,Single,School Student,School,Yes,"Facebook, Discord",Between 4 and 5 hours,2,1,4,2,5,2,4,3,1,4,2,2,4.5,Oct-19,0,0
22,Female,Single,University Student,University,Yes,"Facebook, Twitter, Instagram, YouTube",Between 2 and 3 hours,4,2,3,3,5,4,4,3,3,4,3,5,2.5,20-29,1,0
26,Male,Single,University Student,University,Yes,"Facebook, Twitter, Instagram, YouTube, Reddit",Between 1 and 2 hours,3,4,2,4,4,4,2,2,1,3,3,2,1.5,20-29,0,0
22,Female,Single,University Student,"University, Goverment",Yes,Facebook,Between 2 and 3 hours,2,3,2,3,3,3,4,3,3,5,3,3,2.5,20-29,1,0
23,Male,relationship,University Student,"University, Company, Private",Yes,"Facebook, Instagram, YouTube, Snapchat, Pinterest",Between 2 and 3 hours,3,4,5,3,5,3,3,3,3,5,1,4,2.5,20-29,0,1
25,Male,Single,Salaried Worker,"Company, Private",Yes,"Facebook, Instagram, YouTube, Snapchat",Between 2 and 3 hours,4,2,2,3,5,4,1,1,2,5,5,5,2.5,20-29,0,0
21,Male,Single,School Student,"University, Company",Yes,"Instagram, YouTube, Snapchat, Discord, Reddit",Between 2 and 3 hours,4,5,3,5,2,5,2,3,4,4,5,2,2.5,20-29,0,0
30,Female,Single,Salaried Worker,Private,Yes,"Facebook, TikTok",Between 2 and 3 hours,4,5,4,3,3,5,4,3,1,4,4,5,2.5,30-39,1,0
23,Female,Single,University Student,University,Yes,"Facebook, Instagram, YouTube",Between 3 and 4 hours,2,4,1,3,4,3,4,2,2,3,3,2,3.5,20-29,1,0
22,Male,relationship,Salaried Worker,"University, Company",Yes,"Facebook, Twitter, Instagram, YouTube, Snapchat, Discord, Reddit, TikTok",Between 4 and 5 hours,4,5,4,5,5,4,3,3,3,3,4,2,4.5,20-29,0,1
21,Female,relationship,University Student,University,Yes,"Facebook, Instagram, YouTube",Between 4 and 5 hours,5,5,5,4,4,3,5,2,2,5,4,3,4.5,20-29,1,1
20,Female,relationship,University Student,University,Yes,"Facebook, YouTube",Between 3 and 4 hours,5,3,2,4,2,2,1,3,5,1,4,1,3.5,20-29,1,1
18,Female,Single,University Student,University,Yes,"Facebook, Instagram, YouTube, Snapchat, Discord, Pinterest",More than 5 hours,3,2,2,2,4,2,1,3,3,2,3,4,6,Oct-19,1,0
20,Female,Single,University Student,University,Yes,"Twitter, Instagram, YouTube",Between 3 and 4 hours,3,3,2,2,4,2,2,3,2,2,3,1,3.5,20-29,1,0
15,Female,Single,School Student,School,Yes,"Instagram, YouTube, Discord, Pinterest",Between 3 and 4 hours,4,3,1,3,5,3,3,3,1,5,4,5,3.5,Oct-19,1,0
22,Male,Single,University Student,University,Yes,"Facebook, Twitter, Instagram, YouTube, Snapchat, Discord, Reddit, Pinterest",More than 5 hours,5,3,2,3,5,5,1,3,1,3,4,5,6,20-29,0,0
17,Female,Single,School Student,School,Yes,"Facebook, Instagram, YouTube, Snapchat, Pinterest, TikTok",More than 5 hours,2,5,4,5,3,5,2,2,3,2,4,2,6,Oct-19,1,0
21,Male,Single,University Student,University,Yes,"Facebook, Instagram",Between 1 and 2 hours,2,3,1,4,5,4,3,3,1,5,5,5,1.5,20-29,0,0
22,Female,Single,University Student,University,Yes,"Facebook, Twitter, Instagram, YouTube, Snapchat, TikTok",More than 5 hours,5,1,4,1,4,4,3,4,2,4,5,4,6,20-29,1,0
23,Female,Married,University Student,University,Yes,Facebook,More than 5 hours,4,3,3,4,4,5,4,4,3,3,3,4,6,20-29,1,2
24,Male,Single,University Student,University,Yes,"Facebook, Twitter, Instagram, YouTube, Snapchat, Discord, Reddit, Pinterest",Between 3 and 4 hours,2,1,1,1,4,1,1,3,1,3,1,3,3.5,20-29,0,0
21,Female,relationship,University Student,"University, Private",Yes,"Facebook, Instagram, YouTube, Snapchat",More than 5 hours,4,5,4,5,3,5,3,3,2,5,5,4,6,20-29,1,1
22,Female,Single,University Student,University,Yes,"Facebook, Instagram, YouTube, Snapchat, Pinterest, TikTok",More than 5 hours,5,5,5,5,5,5,5,1,4,5,5,5,6,20-29,1,0
22,Female,Single,University Student,University,Yes,"Facebook, YouTube, Snapchat, Discord",More than 5 hours,5,5,5,5,5,5,5,5,5,5,5,5,6,20-29,1,0
21,Female,Single,University Student,"University, Private",Yes,"Facebook, Twitter, Instagram, YouTube, Snapchat, TikTok",More than 5 hours,3,4,5,4,5,4,5,5,3,5,4,5,6,20-29,1,0
21,Female,Single,University Student,University,Yes,"Facebook, Instagram, YouTube, Snapchat, Discord, Pinterest",More than 5 hours,3,3,2,2,4,4,4,3,3,4,2,4,6,20-29,1,0
18,Male,Single,School Student,null,Yes,"Facebook, Twitter, Instagram, YouTube, Discord, Reddit, Pinterest",More than 5 hours,5,4,1,2,4,3,1,3,3,3,3,5,6,Oct-19,0,0
19,Male,Single,University Student,University,Yes,"Facebook, Twitter, Instagram, YouTube, Snapchat, Discord",Less than an Hour,3,2,1,2,4,2,2,3,4,2,2,5,0.5,Oct-19,0,0
22,Male,Single,University Student,"University, Company",Yes,"Facebook, Twitter, Instagram, YouTube, Snapchat, Discord, Reddit",More than 5 hours,5,4,2,4,5,5,1,1,1,5,1,5,6,20-29,0,0
21,Non binary ,Single,University Student,University,Yes,"Facebook, Instagram, YouTube, Snapchat, Reddit, Pinterest, TikTok",More than 5 hours,4,2,3,5,5,4,4,3,5,5,5,1,6,20-29,Non binary ,0
21,Female,Single,University Student,null,Yes,"Facebook, Instagram, YouTube, Snapchat, Discord, TikTok",Between 3 and 4 hours,5,5,4,5,5,4,5,5,3,5,3,5,3.5,20-29,1,0
22,Male,Single,University Student,University,Yes,"Facebook, Instagram, YouTube, Discord, Pinterest",Between 2 and 3 hours,4,5,4,4,5,5,2,2,5,5,5,4,2.5,20-29,0,0
21,Female,Single,University Student,"University, Company",Yes,"Facebook, Instagram, Snapchat, Pinterest, TikTok",Between 2 and 3 hours,4,4,1,3,2,2,2,2,2,4,3,2,2.5,20-29,1,0
23,Male,Married,University Student,University,Yes,"Facebook, Twitter, Instagram, YouTube, Snapchat, Discord, Reddit, Pinterest, TikTok",Between 2 and 3 hours,5,4,3,5,4,5,3,2,2,4,4,4,2.5,20-29,0,2
19,Male,Single,University Student,University,Yes,"Facebook, Twitter, Instagram, YouTube, Snapchat, Discord, Reddit, Pinterest, TikTok",Between 3 and 4 hours,4,2,2,2,3,1,2,5,1,1,3,4,3.5,Oct-19,0,0
26,Male,Single,Salaried Worker,"School, Company",Yes,"Facebook, Twitter, Instagram, YouTube, Snapchat, Discord, Reddit",Between 2 and 3 hours,4,3,2,4,3,3,4,3,1,4,2,2,2.5,20-29,0,0
27,Male,Single,Salaried Worker,Company,Yes,"Facebook, Twitter, Instagram, YouTube, Reddit, Pinterest",Between 2 and 3 hours,5,5,2,2,1,1,2,4,1,3,2,3,2.5,20-29,0,0
25,Female,Single,University Student,"University, Company, Private",Yes,"Facebook, Instagram, YouTube, Pinterest, TikTok",More than 5 hours,5,5,4,4,5,1,2,2,3,5,2,4,6,20-29,1,0
20,Female,Single,University Student,University,Yes,"Facebook, Instagram, YouTube, Discord",Between 4 and 5 hours,3,3,3,3,3,3,3,3,3,3,3,3,4.5,20-29,1,0
20,Female,Single,University Student,University,Yes,"Facebook, Twitter, Instagram, YouTube, Snapchat",More than 5 hours,4,2,4,3,5,4,1,3,2,4,4,2,6,20-29,1,0
22,Male,Single,University Student,University,Yes,"Facebook, Twitter, Instagram, YouTube, Snapchat, Discord, Reddit, Pinterest",Between 3 and 4 hours,4,4,1,3,3,1,1,1,1,1,2,2,3.5,20-29,0,0
18,Female,Single,School Student,Private,Yes,"Facebook, Instagram, YouTube",Between 3 and 4 hours,5,5,2,5,4,5,5,2,4,4,5,5,3.5,Oct-19,1,0
22,Male,relationship,University Student,"University, Company",Yes,"Facebook, Instagram, YouTube, Snapchat, Discord, Reddit",Between 2 and 3 hours,4,3,2,3,4,3,2,4,1,3,1,3,2.5,20-29,0,1
20,Male,Single,Salaried Worker,Company,Yes,"Facebook, Twitter, Instagram, Snapchat, Reddit",Between 1 and 2 hours,3,3,2,3,5,3,1,3,4,5,3,2,1.5,20-29,0,0
24,Male,Single,Salaried Worker,Company,Yes,"YouTube, Discord",More than 5 hours,5,3,5,5,4,5,1,3,1,3,5,1,6,20-29,0,0
21,Male,Single,University Student,University,Yes,"Facebook, Instagram, YouTube",Between 4 and 5 hours,3,4,3,3,5,5,4,4,4,3,4,3,4.5,20-29,0,0
29,Female,Single,Salaried Worker,Private,Yes,"Facebook, Instagram",Between 3 and 4 hours,5,3,1,3,5,3,2,2,1,5,5,5,3.5,20-29,1,0
21,Male,Single,University Student,"University, Company, Private",Yes,"Facebook, Instagram, YouTube, Snapchat, Discord, TikTok",Between 1 and 2 hours,4,4,3,3,5,2,4,2,2,2,4,5,1.5,20-29,0,0
19,Female,Single,University Student,"School, University, Private",Yes,"Facebook, Instagram, YouTube, Snapchat, Discord, Reddit, Pinterest, TikTok",More than 5 hours,3,5,4,3,5,4,1,5,1,5,5,5,6,Oct-19,1,0
21,Female,relationship,University Student,University,Yes,"Facebook, Instagram, YouTube, Snapchat, Discord",Between 2 and 3 hours,5,4,3,4,4,4,2,3,1,5,4,2,2.5,20-29,1,1
43,Male,Married,Salaried Worker,Goverment,Yes,"Facebook, YouTube",Less than an Hour,2,1,1,1,1,1,1,3,3,1,1,1,0.5,40-49,0,2
22,Female,Married,University Student,University,Yes,"Facebook, Twitter, Instagram, YouTube, Snapchat, Discord, Reddit, Pinterest, TikTok",Between 4 and 5 hours,5,5,3,4,4,4,4,1,1,4,2,1,4.5,20-29,1,2
24,Male,relationship,University Student,"University, Company",Yes,"Facebook, Twitter, Instagram, YouTube, Snapchat, Discord, Reddit",Between 4 and 5 hours,4,5,3,5,5,5,1,3,1,3,2,1,4.5,20-29,0,1
18,Female,Single,School Student,School,Yes,"Facebook, YouTube",More than 5 hours,5,5,3,3,5,4,1,3,1,5,4,4,6,Oct-19,1,0
19,Female,Single,University Student,University,Yes,"Facebook, Instagram, YouTube, Snapchat, Discord",Between 3 and 4 hours,4,3,1,3,4,4,2,3,1,4,3,5,3.5,Oct-19,1,0
37,Female,relationship,Salaried Worker,Private,Yes,"Facebook, YouTube",Between 1 and 2 hours,2,2,1,3,3,2,2,3,1,3,3,4,1.5,30-39,1,1
24,Male,Single,University Student,University,Yes,"Facebook, Instagram, YouTube, Discord, Reddit",Between 4 and 5 hours,4,4,2,4,4,5,4,2,3,3,4,5,4.5,20-29,0,0
29,Female,Single,Salaried Worker,University,Yes,"Facebook, Twitter, Instagram, YouTube, Reddit, Pinterest",Between 1 and 2 hours,2,2,1,4,5,4,4,2,1,5,2,4,1.5,20-29,1,0
19,Male,Single,School Student,Private,Yes,"Facebook, Instagram, YouTube, Snapchat, Discord, Reddit, TikTok",Between 4 and 5 hours,3,3,2,2,3,2,2,1,3,2,2,2,4.5,Oct-19,0,0
35,Male,Married,Salaried Worker,Company,Yes,"Facebook, Instagram, YouTube, Discord",Less than an Hour,2,3,2,2,4,4,2,2,4,3,2,5,0.5,30-39,0,2
22,Female,Single,University Student,University,Yes,"Twitter, Discord, Reddit",Between 2 and 3 hours,4,5,4,5,5,4,3,3,1,4,4,2,2.5,20-29,1,0
23,Male,Single,University Student,"University, Company",Yes,"Facebook, Twitter, Instagram, YouTube, Snapchat, Discord, Pinterest",Between 1 and 2 hours,3,2,2,3,2,2,2,4,2,3,2,3,1.5,20-29,0,0
22,Female,Single,University Student,University,Yes,"Twitter, Instagram, TikTok",More than 5 hours,5,5,5,4,4,4,2,3,2,3,4,1,6,20-29,1,0
25,Male,Single,Salaried Worker,Private,Yes,"Facebook, Instagram, YouTube, Snapchat, Discord",Between 2 and 3 hours,4,4,1,5,5,3,5,2,2,4,3,5,2.5,20-29,0,0
19,Male,Single,School Student,School,Yes,"Facebook, Instagram, YouTube, TikTok",Between 4 and 5 hours,3,3,4,3,3,3,4,3,3,3,3,2,4.5,Oct-19,0,0
29,Female,Married,Salaried Worker,Private,Yes,"Facebook, Instagram, YouTube, Pinterest",Between 1 and 2 hours,4,4,1,3,3,3,2,3,1,2,2,4,1.5,20-29,1,2
21,Female,relationship,University Student,"University, Private",Yes,"Facebook, Twitter, Instagram, YouTube, Snapchat, Pinterest",Between 4 and 5 hours,4,5,3,3,3,3,5,1,4,4,3,5,4.5,20-29,1,1
21,Male,relationship,University Student,University,Yes,"Facebook, Instagram, YouTube, Snapchat, Discord",Between 4 and 5 hours,4,2,2,2,1,1,1,3,1,2,2,2,4.5,20-29,0,1
22,Female,Married,University Student,null,Yes,"Facebook, Instagram, YouTube, Snapchat, Discord",Between 2 and 3 hours,3,2,1,1,1,3,1,1,2,1,2,2,2.5,20-29,1,2
23,Female,Single,University Student,"University, Company",Yes,"Facebook, Twitter, Instagram, YouTube, Snapchat, Discord, Reddit, Pinterest, TikTok",Between 4 and 5 hours,5,4,2,4,5,5,5,1,4,5,2,5,4.5,20-29,1,0
22,Female,relationship,University Student,University,Yes,"Facebook, Instagram, YouTube",Between 2 and 3 hours,4,5,4,5,3,5,4,3,2,4,4,4,2.5,20-29,1,1
20,Male,Divorced,University Student,University,Yes,"Facebook, Instagram, YouTube, Snapchat, Discord",More than 5 hours,5,5,5,5,5,5,5,5,5,5,5,5,6,20-29,0,3
22,There are others???,relationship,Salaried Worker,Company,Yes,"Facebook, Instagram, YouTube, Snapchat",More than 5 hours,4,5,5,5,1,3,3,4,2,1,2,1,6,20-29,There are others???,1
27,Female,Single,Salaried Worker,Private,Yes,"Facebook, Instagram, Snapchat, Discord, Pinterest, TikTok",Between 3 and 4 hours,3,3,3,3,4,4,4,4,3,5,3,4,3.5,20-29,1,0
24,Male,Single,Salaried Worker,Company,Yes,"Facebook, Twitter, Instagram, YouTube, Snapchat, Discord, Reddit, Pinterest",More than 5 hours,5,2,2,2,4,2,2,3,3,2,1,5,6,20-29,0,0
21,Female,Married,University Student,"University, Company",Yes,"Facebook, Instagram, YouTube, Snapchat",Between 1 and 2 hours,5,5,2,4,5,5,5,1,5,4,5,5,1.5,20-29,1,2
23,Female,Single,University Student,University,Yes,"YouTube, Pinterest",Less than an Hour,3,2,1,1,2,1,1,2,2,3,4,3,0.5,20-29,1,0
21,Female,Single,University Student,University,Yes,"Facebook, Twitter, Instagram, YouTube, Reddit, Pinterest",Between 3 and 4 hours,4,4,2,5,4,4,2,3,2,3,3,5,3.5,20-29,1,0
23,Female,relationship,University Student,University,Yes,"Facebook, Twitter, Instagram, YouTube, Snapchat",Between 2 and 3 hours,4,4,3,3,4,2,4,2,3,2,2,1,2.5,20-29,1,1
24,Female,relationship,University Student,University,Yes,"Facebook, Twitter, Instagram, YouTube, Snapchat, Discord, Pinterest, TikTok",Between 4 and 5 hours,3,2,2,3,5,3,5,2,3,5,5,4,4.5,20-29,1,1
21,Male,Single,University Student,University,Yes,"Facebook, Twitter, Instagram, YouTube, Snapchat, Discord, Reddit, Pinterest, TikTok",Between 4 and 5 hours,3,2,2,3,4,3,1,3,2,5,2,4,4.5,20-29,0,0
30,Female,Single,Salaried Worker,null,Yes,"Facebook, Instagram, YouTube",Between 2 and 3 hours,4,5,3,5,5,5,4,2,5,4,5,4,2.5,30-39,1,0
23,Male,Single,University Student,University,Yes,"Facebook, Twitter, Instagram, YouTube, Snapchat, Discord, Reddit",Between 3 and 4 hours,3,4,2,2,5,4,5,5,5,5,2,2,3.5,20-29,0,0
22,Female,Single,University Student,University,Yes,"Facebook, Instagram, YouTube, Snapchat",More than 5 hours,4,3,3,3,2,2,3,3,1,1,3,2,6,20-29,1,0
29,Female,Single,University Student,University,Yes,"Facebook, Instagram, YouTube, Snapchat, Pinterest, TikTok",More than 5 hours,5,5,3,5,4,5,5,3,3,5,5,5,6,20-29,1,0
20,Male,Single,University Student,"School, University",Yes,"Instagram, YouTube, Discord, Reddit, Pinterest",Between 3 and 4 hours,4,3,2,3,5,5,5,5,5,5,5,1,3.5,20-29,0,0
26.7,Female,Single,University Student,University,Yes,"Facebook, YouTube",More than 5 hours,4,2,2,3,5,3,5,2,3,4,5,5,6,20-29,1,0
24,Male,Single,Salaried Worker,Company,Yes,"Facebook, Twitter, Instagram, YouTube, Snapchat, Discord, Reddit, Pinterest, TikTok",Between 1 and 2 hours,3,4,1,3,3,2,3,3,4,5,3,3,1.5,20-29,0,0
26,Male,relationship,University Student,University,Yes,"Facebook, Instagram, YouTube, Snapchat",Between 3 and 4 hours,4,5,3,4,4,4,5,1,2,3,4,3,3.5,20-29,0,1
22,Male,Single,University Student,"University, Company",Yes,"Facebook, YouTube, Discord",Between 2 and 3 hours,5,4,2,3,3,4,3,4,1,2,2,4,2.5,20-29,0,0
23,Male,Single,University Student,"University, Private",Yes,"Facebook, Instagram, YouTube, Snapchat, Discord, Pinterest, TikTok",Between 4 and 5 hours,5,5,2,4,5,3,5,3,2,3,3,4,4.5,20-29,0,0
19,Male,Single,School Student,School,Yes,"Facebook, Instagram, YouTube, Snapchat, Discord, Reddit, Pinterest",Between 4 and 5 hours,4,4,2,4,4,4,5,2,4,2,4,4,4.5,Oct-19,0,0
21,Female,Single,University Student,University,Yes,"Twitter, Instagram, YouTube, TikTok",Between 2 and 3 hours,3,4,3,4,4,4,5,1,2,4,4,2,2.5,20-29,1,0
20,Female,Single,University Student,University,Yes,"Facebook, Instagram, YouTube, Snapchat, Discord, Reddit, Pinterest, TikTok",Between 4 and 5 hours,5,5,5,5,5,5,2,3,2,4,4,5,4.5,20-29,1,0
22,Male,Single,University Student,University,Yes,"Facebook, Instagram, YouTube, Snapchat, Discord",More than 5 hours,4,4,4,4,2,3,2,3,4,3,3,4,6,20-29,0,0
22,Male,Single,University Student,University,Yes,"Facebook, Twitter, Instagram, YouTube, Discord, Pinterest",More than 5 hours,3,3,3,4,5,5,4,3,1,5,3,3,6,20-29,0,0
23,Male,Single,University Student,University,Yes,"Facebook, Twitter, Instagram, YouTube, Snapchat, Discord, Reddit",More than 5 hours,5,4,4,5,5,5,2,3,1,5,5,5,6,20-29,0,0
22,Female,Single,University Student,University,Yes,"Facebook, Instagram, YouTube, Snapchat, Discord",More than 5 hours,4,5,5,5,5,5,5,2,4,5,4,1,6,20-29,1,0
20,Female,relationship,School Student,"Company, Private",Yes,"Facebook, Twitter, Instagram, YouTube, Snapchat, Discord, Pinterest, TikTok",More than 5 hours,5,4,2,3,3,2,1,3,3,2,2,2,6,20-29,1,1
27,Female,Married,Salaried Worker,Private,Yes,"Facebook, Instagram, YouTube, Pinterest",Between 1 and 2 hours,4,2,1,2,3,1,2,3,4,2,2,1,1.5,20-29,1,2
22,Female,Single,University Student,University,Yes,"Facebook, Instagram, YouTube, Snapchat",More than 5 hours,5,4,4,4,4,4,2,4,3,5,4,3,6,20-29,1,0
21,Female,Single,University Student,University,Yes,Facebook,More than 5 hours,4,4,3,5,4,5,4,3,4,5,5,5,6,20-29,1,0
21,Female,Single,University Student,University,Yes,"Facebook, Twitter, Instagram, YouTube, Snapchat, Pinterest",Between 2 and 3 hours,2,1,4,2,2,2,3,3,2,1,4,4,2.5,20-29,1,0
24,Female,Single,University Student,null,Yes,"Facebook, Instagram, YouTube, Snapchat",Between 4 and 5 hours,3,4,1,5,4,5,3,3,4,5,5,5,4.5,20-29,1,0
19,Male,Single,University Student,University,Yes,"Facebook, Twitter, Instagram, YouTube",Between 3 and 4 hours,4,2,3,3,4,3,2,2,2,4,4,3,3.5,Oct-19,0,0
52,Male,Married,Salaried Worker,Private,Yes,"Facebook, YouTube",Between 1 and 2 hours,2,2,3,3,3,2,3,2,2,3,2,4,1.5,50-59,0,2
26,Male,Single,University Student,University,Yes,"Facebook, Instagram, YouTube, Reddit, Pinterest, TikTok",More than 5 hours,5,4,3,4,4,4,3,3,2,3,4,5,6,20-29,0,0
44,Male,Married,Salaried Worker,Private,Yes,Facebook,Less than an Hour,1,1,1,2,1,1,1,1,1,1,1,1,0.5,40-49,0,2
44,Male,Married,Salaried Worker,Private,Yes,Facebook,Less than an Hour,1,1,1,1,1,1,1,1,1,1,1,1,0.5,40-49,0,2
19,Female,Single,University Student,University,Yes,"Facebook, YouTube, Discord, Pinterest",Between 3 and 4 hours,4,5,2,4,5,3,5,5,1,5,4,5,3.5,Oct-19,1,0
35,Male,Single,Salaried Worker,Private,Yes,"Facebook, Snapchat, Reddit",Between 3 and 4 hours,5,5,5,5,5,5,5,1,1,5,5,5,3.5,30-39,0,0
21,Female,relationship,University Student,University,Yes,"Facebook, Instagram, Snapchat",More than 5 hours,3,5,2,5,3,5,4,2,4,4,3,3,6,20-29,1,1
20,Female,Single,University Student,University,Yes,"Facebook, Instagram, TikTok",Between 4 and 5 hours,4,5,5,5,5,5,2,2,1,4,5,1,4.5,20-29,1,0
24,Female,relationship,University Student,Private,Yes,"Facebook, Twitter, Instagram, YouTube, Reddit",More than 5 hours,5,2,4,2,5,1,3,2,4,4,2,5,6,20-29,1,1
21,Female,Single,University Student,"School, University",Yes,"Facebook, Instagram, YouTube, Reddit, Pinterest",Between 3 and 4 hours,4,4,3,5,5,5,5,1,1,3,3,1,3.5,20-29,1,0
24,Male,Single,University Student,University,Yes,"Facebook, Instagram, YouTube, Discord, Reddit",More than 5 hours,3,4,4,4,3,3,2,3,1,3,3,3,6,20-29,0,0
21,Female,relationship,University Student,University,Yes,"Facebook, Instagram, YouTube, Snapchat",Between 3 and 4 hours,5,3,3,5,5,5,5,3,1,5,4,5,3.5,20-29,1,1
17,Male,Single,School Student,School,Yes,"Facebook, Instagram, YouTube, Discord",More than 5 hours,2,4,3,5,5,5,3,2,1,5,4,5,6,Oct-19,0,0
26,Female,relationship,University Student,University,Yes,Facebook,Between 4 and 5 hours,4,4,2,4,3,4,3,3,2,4,3,4,4.5,20-29,1,1
18,Male,Single,School Student,School,Yes,"Facebook, Twitter, Instagram, YouTube, Snapchat, Discord, TikTok",Between 3 and 4 hours,4,5,4,5,5,4,4,3,3,5,3,5,3.5,Oct-19,0,0
18,Female,Single,School Student,"School, N/A",Yes,"Facebook, Instagram, YouTube, Discord",Between 3 and 4 hours,2,1,1,3,3,2,1,3,1,2,2,2,3.5,Oct-19,1,0
18,Female,relationship,School Student,School,Yes,"Facebook, Instagram, YouTube, Snapchat, Reddit, Pinterest, TikTok",Between 3 and 4 hours,5,3,4,3,4,4,1,3,1,3,5,5,3.5,Oct-19,1,1
23,Male,Single,University Student,University,Yes,"Facebook, Instagram, YouTube, Snapchat, Discord",Between 3 and 4 hours,3,4,2,4,5,4,2,3,2,4,3,3,3.5,20-29,0,0
20,Male,Single,University Student,University,Yes,"Facebook, Instagram, YouTube, Snapchat, Discord",Between 1 and 2 hours,4,5,3,5,2,5,1,2,3,3,2,1,1.5,20-29,0,0
23,Male,Single,University Student,University,Yes,"Facebook, Instagram, YouTube, Snapchat, Discord",More than 5 hours,4,4,3,4,5,4,4,3,2,3,3,5,6,20-29,0,0
25,Male,relationship,University Student,University,Yes,"Facebook, Twitter, Instagram, YouTube, Discord, Reddit, Pinterest",Less than an Hour,2,2,3,2,3,3,3,4,3,2,2,4,0.5,20-29,0,1
26,Male,Single,Salaried Worker,Private,Yes,"Facebook, Instagram, YouTube, Reddit",Between 2 and 3 hours,4,3,3,3,5,4,4,1,4,5,5,4,2.5,20-29,0,0
20,Male,relationship,University Student,"School, University",Yes,"Facebook, Twitter, Instagram, YouTube, Snapchat, Discord, TikTok",More than 5 hours,4,5,3,4,5,4,5,2,4,4,4,5,6,20-29,0,1
19,Male,relationship,School Student,School,Yes,"Facebook, Instagram, YouTube, Snapchat, Discord, Reddit, Pinterest",Between 1 and 2 hours,4,3,1,3,4,2,2,3,3,1,4,3,1.5,Oct-19,0,1
17,Female,Single,School Student,null,Yes,"Facebook, Instagram, YouTube, Pinterest",Between 2 and 3 hours,4,1,3,2,5,4,5,5,1,4,4,1,2.5,Oct-19,1,0
24,Female,Married,University Student,University,Yes,"Facebook, Instagram, YouTube, Snapchat",Between 3 and 4 hours,4,3,5,3,3,5,4,2,3,3,3,3,3.5,20-29,1,2
29,Female,Married,Salaried Worker,Company,Yes,"Facebook, Instagram, YouTube, Pinterest",More than 5 hours,5,5,5,4,5,4,3,3,4,4,4,3,6,20-29,1,2
30,Female,Married,Retired,null,Yes,"Facebook, Instagram, YouTube",Between 3 and 4 hours,1,5,1,2,3,3,2,4,3,3,3,2,3.5,30-39,1,2
21,Female,Single,University Student,University,Yes,"Facebook, Twitter, Instagram, YouTube, Snapchat, Discord, TikTok",Between 3 and 4 hours,4,5,4,4,5,5,5,1,3,5,4,4,3.5,20-29,1,0
23,Male,Single,University Student,University,Yes,"Facebook, Instagram, YouTube, Snapchat, Discord, Reddit, Pinterest",More than 5 hours,4,3,2,4,4,4,3,3,3,5,5,5,6,20-29,0,0
21,Male,Single,University Student,University,Yes,"Facebook, Instagram, YouTube, Snapchat, Discord, Reddit, Pinterest",More than 5 hours,5,5,2,3,4,3,4,4,4,5,3,5,6,20-29,0,0
20,Female,Single,University Student,University,Yes,"Facebook, Instagram, YouTube, Discord",More than 5 hours,3,5,3,5,5,5,5,5,5,5,5,5,6,20-29,1,0
21,Male,Single,University Student,University,Yes,"Facebook, Twitter, Instagram, YouTube, Snapchat, Discord, Reddit",Between 4 and 5 hours,4,3,2,5,5,4,5,1,3,5,5,5,4.5,20-29,0,0
22,Female,Single,University Student,University,Yes,YouTube,Between 4 and 5 hours,3,1,2,3,4,2,2,1,1,4,3,5,4.5,20-29,1,0
22,Female,Single,University Student,University,Yes,"Facebook, Instagram",Between 2 and 3 hours,3,2,2,2,5,3,5,2,5,3,3,5,2.5,20-29,1,0
22,Female,relationship,University Student,University,Yes,"Facebook, Instagram, Snapchat",More than 5 hours,1,5,2,3,5,2,1,2,2,3,3,4,6,20-29,1,1
27,Female,relationship,Salaried Worker,Private,Yes,"Facebook, Instagram, YouTube, Reddit, TikTok",Between 4 and 5 hours,4,3,3,4,3,3,4,2,4,2,1,2,4.5,20-29,1,1
21,Male,Single,University Student,University,Yes,"Facebook, Instagram, YouTube",More than 5 hours,5,4,2,2,2,3,2,3,1,2,2,5,6,20-29,0,0
23,Male,relationship,University Student,University,Yes,"Facebook, Instagram, YouTube, Snapchat, Discord, Reddit, TikTok",Between 4 and 5 hours,4,3,2,4,4,3,4,4,4,4,3,4,4.5,20-29,0,1
22,Male,relationship,University Student,University,Yes,"Facebook, Instagram, YouTube, Discord",Between 3 and 4 hours,4,4,5,4,2,4,3,3,4,2,3,4,3.5,20-29,0,1
21,Female,relationship,University Student,"University, Private",Yes,YouTube,Between 3 and 4 hours,3,4,4,3,3,3,2,5,3,1,3,2,3.5,20-29,1,1
23,Male,Single,University Student,"University, Company",Yes,"Facebook, YouTube, Discord, Reddit",Between 2 and 3 hours,4,2,1,2,3,2,3,3,1,3,2,2,2.5,20-29,0,0
21,Female,Single,University Student,University,Yes,"Facebook, Twitter, Instagram, YouTube, Pinterest",More than 5 hours,4,5,3,4,4,4,3,3,4,4,4,3,6,20-29,1,0
20,Male,Single,University Student,"University, Private",Yes,"Facebook, Instagram, YouTube",Between 4 and 5 hours,5,3,2,3,4,2,2,4,3,3,4,3,4.5,20-29,0,0
23,Male,Single,University Student,University,Yes,"Facebook, Instagram, YouTube, Discord, Reddit, Pinterest",Between 1 and 2 hours,2,1,1,2,5,3,3,4,1,3,2,4,1.5,20-29,0,0
22,Female,relationship,University Student,University,Yes,"Facebook, Instagram, YouTube, Snapchat, Pinterest, TikTok",Between 3 and 4 hours,3,5,3,5,5,5,5,3,3,5,4,5,3.5,20-29,1,1
20,Female,relationship,University Student,University,Yes,"Facebook, Instagram, YouTube, Snapchat",More than 5 hours,5,3,4,3,5,5,5,1,4,5,5,3,6,20-29,1,1
21,Male,Single,University Student,University,Yes,"Facebook, Instagram, YouTube, Snapchat, Discord",Between 3 and 4 hours,4,4,4,4,4,5,4,1,4,4,4,5,3.5,20-29,0,0
25,Female,Single,University Student,University,Yes,"Facebook, Twitter, Instagram, YouTube, Pinterest",Between 2 and 3 hours,3,5,2,2,3,3,1,3,1,2,4,5,2.5,20-29,1,0
21,Female,Single,University Student,University,Yes,"Facebook, Instagram, Discord",Between 3 and 4 hours,2,2,1,4,4,4,2,1,1,2,2,2,3.5,20-29,1,0
28,Female,Single,University Student,University,Yes,"Facebook, Instagram, YouTube, Discord, Reddit",Between 4 and 5 hours,4,3,1,4,5,4,1,3,1,4,1,5,4.5,20-29,1,0
22,Female,Single,Salaried Worker,Private,Yes,"Facebook, Instagram, YouTube, Snapchat, Discord, Reddit, Pinterest, TikTok",Between 3 and 4 hours,1,1,1,5,3,5,1,1,1,3,4,3,3.5,20-29,1,0
60,Male,Single,Retired,null,Yes,"Facebook, YouTube",Between 2 and 3 hours,1,2,1,1,1,1,3,3,3,1,1,1,2.5,60-69,0,0
49,Male,Married,Salaried Worker,School,Yes,"Facebook, YouTube, Pinterest",Less than an Hour,3,4,3,3,4,3,3,3,3,3,2,2,0.5,40-49,0,2
34,Female,Married,Salaried Worker,Private,Yes,"Facebook, Instagram, YouTube",Less than an Hour,2,1,1,1,1,1,3,4,1,1,2,1,0.5,30-39,1,2
56,Male,Married,Salaried Worker,Company,Yes,"Facebook, Twitter, YouTube, Pinterest",Between 2 and 3 hours,1,1,1,1,1,1,1,1,1,1,1,2,2.5,50-59,0,2
51,Male,Married,Salaried Worker,Private,Yes,"Facebook, Twitter, Instagram, YouTube",Between 1 and 2 hours,3,2,3,4,2,3,4,3,3,2,2,4,1.5,50-59,0,2
23,Female,Single,School Student,University,Yes,Facebook,Between 2 and 3 hours,3,3,3,3,3,2,2,3,3,4,2,2,2.5,20-29,1,0
21,Female,Single,University Student,University,Yes,"Facebook, YouTube, Discord",Between 4 and 5 hours,3,5,3,3,3,2,3,3,1,2,2,3,4.5,20-29,1,0
50,Male,Married,University Student,Private,Yes,"Facebook, Instagram",Between 1 and 2 hours,1,1,1,1,1,1,1,1,1,1,1,1,1.5,50-59,0,2
22,Female,Single,University Student,University,Yes,"Twitter, Instagram, YouTube",Between 3 and 4 hours,2,2,1,4,5,5,1,4,1,3,5,2,3.5,20-29,1,0
28,Female,Married,Salaried Worker,Private,Yes,"Facebook, Instagram, YouTube, Pinterest",Between 2 and 3 hours,5,4,1,5,4,5,2,2,2,5,5,2,2.5,20-29,1,2
13,Male,Single,School Student,School,Yes,"Instagram, YouTube, Discord",Between 4 and 5 hours,3,4,1,3,3,1,1,3,1,3,3,4,4.5,Oct-19,0,0
14,Male,Single,School Student,School,Yes,"Instagram, Discord",Between 2 and 3 hours,3,4,2,4,3,2,1,3,1,2,3,1,2.5,Oct-19,0,0
13,Male,Single,School Student,School,Yes,"Twitter, Instagram, YouTube, Discord, Pinterest",More than 5 hours,4,4,3,4,2,4,2,3,2,2,3,2,6,Oct-19,0,0
23,Male,relationship,School Student,"University, Private",Yes,"Facebook, Instagram, YouTube, Discord",Between 4 and 5 hours,2,4,2,3,4,4,1,3,1,3,2,3,4.5,20-29,0,1
18,Male,Single,University Student,University,Yes,"Discord, Reddit",Between 1 and 2 hours,3,3,1,3,2,1,1,2,1,1,2,4,1.5,Oct-19,0,0
18,Male,Single,School Student,"School, N/A",Yes,Pinterest,More than 5 hours,2,3,1,3,5,3,5,1,2,5,2,1,6,Oct-19,0,0
15,Male,Single,School Student,School,Yes,"Instagram, YouTube, Discord, Reddit",Between 4 and 5 hours,1,1,1,3,3,3,3,3,3,1,1,1,4.5,Oct-19,0,0
20,Female,Single,University Student,Company,Yes,"Instagram, YouTube, Snapchat, Discord, Reddit, Pinterest, TikTok",Between 1 and 2 hours,2,2,1,3,5,3,5,1,2,5,4,5,1.5,20-29,1,0
20,Female,Single,University Student,University,Yes,"Facebook, Instagram, YouTube",More than 5 hours,5,4,2,4,5,3,1,3,2,4,3,4,6,20-29,1,0
35,Female,Married,Salaried Worker,Company,Yes,"Facebook, Instagram, YouTube",Between 1 and 2 hours,3,2,2,3,3,2,1,2,2,2,4,4,1.5,30-39,1,2
26,Female,Married,University Student,null,Yes,"Facebook, YouTube, TikTok",Between 2 and 3 hours,4,4,3,3,4,4,4,5,3,4,3,4,2.5,20-29,1,2
30,Female,Married,Salaried Worker,University,Yes,"Facebook, Instagram, YouTube",Between 4 and 5 hours,2,4,4,3,4,5,4,2,2,4,2,1,4.5,30-39,1,2
32,Female,Married,Salaried Worker,Private,Yes,"Facebook, Instagram",Between 3 and 4 hours,5,5,3,5,5,5,5,1,4,5,5,4,3.5,30-39,1,2
24,Male,Single,Salaried Worker,"University, Private",Yes,"Facebook, Instagram, YouTube",Between 2 and 3 hours,3,4,3,4,3,4,4,2,4,3,4,4,2.5,20-29,0,0
26,Female,Married,Salaried Worker,University,Yes,"Facebook, YouTube",Between 1 and 2 hours,2,1,2,3,4,4,4,2,4,4,4,1,1.5,20-29,1,2
29,Female,Married,Salaried Worker,University,Yes,"Facebook, YouTube",Between 2 and 3 hours,3,3,4,3,2,3,3,3,4,2,2,2,2.5,20-29,1,2
21,Male,Single,University Student,University,Yes,"Facebook, Twitter, Instagram, YouTube, Discord, Pinterest",Between 2 and 3 hours,2,3,2,3,3,2,2,3,4,4,5,4,2.5,20-29,0,0
53,Male,Married,Salaried Worker,Private,Yes,"Facebook, YouTube",Less than an Hour,2,3,1,3,1,1,3,3,2,2,2,3,0.5,50-59,0,2
